Sep 05 18:30:16 cenvi510-storage systemd[1]: Starting glofas-fetch.service - Fetch GloFAS via lftp...
Sep 05 18:33:52 cenvi510-storage glofas-fetch[21082]: 86717166 bytes transferred in 211 seconds (401.3 KiB/s)
Sep 05 18:33:52 cenvi510-storage systemd[1]: glofas-fetch.service: Deactivated successfully.
Sep 05 18:33:52 cenvi510-storage systemd[1]: Finished glofas-fetch.service - Fetch GloFAS via lftp.
Sep 05 18:33:52 cenvi510-storage systemd[1]: glofas-fetch.service: Consumed 1.293s CPU time.
Sep 05 18:33:52 cenvi510-storage systemd[1]: Starting river-flood-process.service - Process GloFAS data for river flood workflow...
Sep 05 18:33:53 cenvi510-storage river-flood-process[21104]: 2026-09-05 18:33:53 | INFO     | pipeline   | run_daily_monitoring:60      | run_daily_monitoring started — run='daily_flood_monitoring', issue_date=2026-09-05, basins=2, steps=[extract=True, forecast=True, save=True], log=logs/2026/09/daily_flood_monitoring_20260905T183353.txt
Sep 05 18:33:53 cenvi510-storage river-flood-process[21104]: 2026-09-05 18:33:53 | INFO     | extract    | extract:31                   | Processing basin 'cagayan'
Sep 05 18:33:53 cenvi510-storage river-flood-process[21104]: 2026-09-05 18:33:53 | INFO     | extract    | _resolve_forecast_path:109   | Checking forecast file: /var/cache/glofas/glofas_areagrid_for_Phillippines_in_Phillippines_2026090500.nc
Sep 05 18:33:53 cenvi510-storage river-flood-process[21104]: 2026-09-05 18:33:53 | INFO     | extract    | _resolve_forecast_path:111   | Forecast file found: /var/cache/glofas/glofas_areagrid_for_Phillippines_in_Phillippines_2026090500.nc
Sep 05 18:33:53 cenvi510-storage river-flood-process[21104]: 2026-09-05 18:33:53 | INFO     | extract    | _load_oep_thresholds:130     | Loading OEP thresholds from config/risk_profiles/cagayan_oep_curves_all_units.json (oep_min=100)
Sep 05 18:33:53 cenvi510-storage river-flood-process[21104]: 2026-09-05 18:33:53 | INFO     | extract    | _load_oep_thresholds:168     | OEP thresholds loaded: 337 units with valid thresholds (from 338 total, oep_min=100)
Sep 05 18:33:54 cenvi510-storage river-flood-process[21104]: 2026-09-05 18:33:54 | INFO     | extract    | _filter_units_by_target_adm2:243 | Target ADM2 filtering complete for basin 'cagayan': 337 -> 25 units (targets=1)
Sep 05 18:33:54 cenvi510-storage river-flood-process[21104]: 2026-09-05 18:33:54 | INFO     | forecast   | forecast:59                  | Starting evaluation — basin='cagayan', issue_date=2026-09-05
Sep 05 18:33:54 cenvi510-storage river-flood-process[21104]: 2026-09-05 18:33:54 | INFO     | forecast   | detect_flood_events:1318     | Detect phase (detect_flood_events) — basin='cagayan', issue_date=2026-09-05, leads=[1, 2, 3, 4, 5], t0_years=2.0, a_min_km2=100
Sep 05 18:33:54 cenvi510-storage river-flood-process[21104]: 2026-09-05 18:33:54 | INFO     | forecast   | detect_flood_events:1357     | EVT1 params loaded: 1024 cells for basin 'cagayan'
Sep 05 18:34:00 cenvi510-storage river-flood-process[21104]: /opt/river-flood-workflow/.venv/lib/python3.11/site-packages/xarray/backends/plugins.py:109: RuntimeWarning: Engine 'cfgrib' loading failed:
Sep 05 18:34:00 cenvi510-storage river-flood-process[21104]: Cannot find the ecCodes library
Sep 05 18:34:00 cenvi510-storage river-flood-process[21104]:   external_backend_entrypoints = backends_dict_from_pkg(entrypoints_unique)
Sep 05 18:34:01 cenvi510-storage river-flood-process[21104]: 2026-09-05 18:34:01 | INFO     | forecast   | _open_forecast_source:891    | Forecast source opened: 1 files, time_dim='time', member_dim='member', indexed_members=51
Sep 05 18:34:02 cenvi510-storage river-flood-process[21104]: 2026-09-05 18:34:02 | INFO     | forecast   | detect_flood_events:1455     | Lead  1d: 0/51 flood members, 0 qualifying patches
Sep 05 18:34:03 cenvi510-storage river-flood-process[21104]: 2026-09-05 18:34:03 | INFO     | forecast   | detect_flood_events:1455     | Lead  2d: 0/51 flood members, 0 qualifying patches
Sep 05 18:34:05 cenvi510-storage river-flood-process[21104]: 2026-09-05 18:34:05 | INFO     | forecast   | detect_flood_events:1455     | Lead  3d: 0/51 flood members, 0 qualifying patches
Sep 05 18:34:07 cenvi510-storage river-flood-process[21104]: 2026-09-05 18:34:07 | INFO     | forecast   | detect_flood_events:1455     | Lead  4d: 0/51 flood members, 0 qualifying patches
Sep 05 18:34:10 cenvi510-storage river-flood-process[21104]: 2026-09-05 18:34:10 | INFO     | forecast   | detect_flood_events:1455     | Lead  5d: 5/51 flood members, 5 qualifying patches
Sep 05 18:34:41 cenvi510-storage river-flood-process[21104]: 2026-09-05 18:34:41 | INFO     | forecast   | _compute_impacts_from_event_patches:590 | Computed impacts from 8/8 event patches: 2 members, 1 lead days, 16 units
Sep 05 18:34:41 cenvi510-storage river-flood-process[21104]: 2026-09-05 18:34:41 | INFO     | forecast   | detect_flood_events:1537     | Detect phase complete — 338 units, 5 lead days, 51 members
Sep 05 18:34:41 cenvi510-storage river-flood-process[21104]: 2026-09-05 18:34:41 | INFO     | forecast   | forecast:77                  | Detection mode complete — impact cube has 338 units
Sep 05 18:34:41 cenvi510-storage river-flood-process[21104]: 2026-09-05 18:34:41 | INFO     | forecast   | _aggregate_adm3_impacts_to_adm2:181 | ADM2 aggregation complete: 24 ADM3 units rolled up into parent ADM2 impact totals
Sep 05 18:34:41 cenvi510-storage river-flood-process[21104]: 2026-09-05 18:34:41 | INFO     | forecast   | _compute_prob_exceed:1562    | Computing exceedance probabilities: 338 cube units, 51 ensemble members
Sep 05 18:34:41 cenvi510-storage river-flood-process[21104]: 2026-09-05 18:34:41 | INFO     | forecast   | _compute_prob_exceed:1581    | Exceedance probabilities computed for 25 qualifying units
Sep 05 18:34:41 cenvi510-storage river-flood-process[21104]: 2026-09-05 18:34:41 | INFO     | forecast   | _apply_tier_rules:210        | Applying 3 tier rules to 25 units (persist_days=2, min_lead=1)
Sep 05 18:34:41 cenvi510-storage river-flood-process[21104]: 2026-09-05 18:34:41 | INFO     | forecast   | _apply_tier_rules:305        | Tier evaluation complete: 25 units, 0 tier decisions fired, 1 units below oep_min=100
Sep 05 18:34:41 cenvi510-storage river-flood-process[21104]: 2026-09-05 18:34:41 | INFO     | forecast   | forecast:96                  | Evaluation complete — basin='cagayan', 25 units evaluated
Sep 05 18:34:41 cenvi510-storage river-flood-process[21104]: 2026-09-05 18:34:41 | INFO     | extract    | extract:31                   | Processing basin 'bicol'
Sep 05 18:34:41 cenvi510-storage river-flood-process[21104]: 2026-09-05 18:34:41 | INFO     | extract    | _resolve_forecast_path:109   | Checking forecast file: /var/cache/glofas/glofas_areagrid_for_Phillippines_in_Phillippines_2026090500.nc
Sep 05 18:34:41 cenvi510-storage river-flood-process[21104]: 2026-09-05 18:34:41 | INFO     | extract    | _resolve_forecast_path:111   | Forecast file found: /var/cache/glofas/glofas_areagrid_for_Phillippines_in_Phillippines_2026090500.nc
Sep 05 18:34:41 cenvi510-storage river-flood-process[21104]: 2026-09-05 18:34:41 | INFO     | extract    | _load_oep_thresholds:130     | Loading OEP thresholds from config/risk_profiles/bicol_oep_curves_all_units.json (oep_min=100)
Sep 05 18:34:41 cenvi510-storage river-flood-process[21104]: 2026-09-05 18:34:41 | INFO     | extract    | _load_oep_thresholds:168     | OEP thresholds loaded: 138 units with valid thresholds (from 139 total, oep_min=100)
Sep 05 18:34:41 cenvi510-storage river-flood-process[21104]: 2026-09-05 18:34:41 | INFO     | extract    | _filter_units_by_target_adm2:243 | Target ADM2 filtering complete for basin 'bicol': 138 -> 35 units (targets=1)
Sep 05 18:34:41 cenvi510-storage river-flood-process[21104]: 2026-09-05 18:34:41 | INFO     | forecast   | forecast:59                  | Starting evaluation — basin='bicol', issue_date=2026-09-05
Sep 05 18:34:41 cenvi510-storage river-flood-process[21104]: 2026-09-05 18:34:41 | INFO     | forecast   | detect_flood_events:1318     | Detect phase (detect_flood_events) — basin='bicol', issue_date=2026-09-05, leads=[1, 2, 3, 4, 5], t0_years=2.0, a_min_km2=100
Sep 05 18:34:41 cenvi510-storage river-flood-process[21104]: 2026-09-05 18:34:41 | INFO     | forecast   | detect_flood_events:1357     | EVT1 params loaded: 137 cells for basin 'bicol'
Sep 05 18:34:46 cenvi510-storage river-flood-process[21104]: 2026-09-05 18:34:46 | INFO     | forecast   | _open_forecast_source:891    | Forecast source opened: 1 files, time_dim='time', member_dim='member', indexed_members=51
Sep 05 18:34:47 cenvi510-storage river-flood-process[21104]: 2026-09-05 18:34:47 | INFO     | forecast   | detect_flood_events:1455     | Lead  1d: 0/51 flood members, 0 qualifying patches
Sep 05 18:34:48 cenvi510-storage river-flood-process[21104]: 2026-09-05 18:34:48 | INFO     | forecast   | detect_flood_events:1455     | Lead  2d: 0/51 flood members, 0 qualifying patches
Sep 05 18:34:50 cenvi510-storage river-flood-process[21104]: 2026-09-05 18:34:50 | INFO     | forecast   | detect_flood_events:1455     | Lead  3d: 0/51 flood members, 0 qualifying patches
Sep 05 18:34:52 cenvi510-storage river-flood-process[21104]: 2026-09-05 18:34:52 | INFO     | forecast   | detect_flood_events:1455     | Lead  4d: 0/51 flood members, 0 qualifying patches
Sep 05 18:34:55 cenvi510-storage river-flood-process[21104]: 2026-09-05 18:34:55 | INFO     | forecast   | detect_flood_events:1455     | Lead  5d: 0/51 flood members, 0 qualifying patches
Sep 05 18:34:55 cenvi510-storage river-flood-process[21104]: 2026-09-05 18:34:55 | INFO     | forecast   | detect_flood_events:1537     | Detect phase complete — 138 units, 5 lead days, 51 members
Sep 05 18:34:55 cenvi510-storage river-flood-process[21104]: 2026-09-05 18:34:55 | INFO     | forecast   | forecast:77                  | Detection mode complete — impact cube has 138 units
Sep 05 18:34:55 cenvi510-storage river-flood-process[21104]: 2026-09-05 18:34:55 | INFO     | forecast   | _aggregate_adm3_impacts_to_adm2:181 | ADM2 aggregation complete: 34 ADM3 units rolled up into parent ADM2 impact totals
Sep 05 18:34:55 cenvi510-storage river-flood-process[21104]: 2026-09-05 18:34:55 | INFO     | forecast   | _compute_prob_exceed:1562    | Computing exceedance probabilities: 138 cube units, 51 ensemble members
Sep 05 18:34:55 cenvi510-storage river-flood-process[21104]: 2026-09-05 18:34:55 | INFO     | forecast   | _compute_prob_exceed:1581    | Exceedance probabilities computed for 35 qualifying units
Sep 05 18:34:55 cenvi510-storage river-flood-process[21104]: 2026-09-05 18:34:55 | INFO     | forecast   | _apply_tier_rules:210        | Applying 3 tier rules to 35 units (persist_days=2, min_lead=1)
Sep 05 18:34:55 cenvi510-storage river-flood-process[21104]: 2026-09-05 18:34:55 | INFO     | forecast   | _apply_tier_rules:305        | Tier evaluation complete: 35 units, 0 tier decisions fired, 35 units below oep_min=100
Sep 05 18:34:55 cenvi510-storage river-flood-process[21104]: 2026-09-05 18:34:55 | INFO     | forecast   | forecast:96                  | Evaluation complete — basin='bicol', 35 units evaluated
Sep 05 18:34:56 cenvi510-storage river-flood-process[21104]: 2026-09-05 18:34:56 | INFO     | save       | save:37                      | Writing output: 2 basins, format=csv, dir=data/gold/trigger_decisions/2026-09-05
Sep 05 18:34:56 cenvi510-storage river-flood-process[21104]: 2026-09-05 18:34:56 | INFO     | save       | _save_activation_decisions:222 | Activation file written: data/gold/trigger_decisions/2026-09-05/activation_2026-09-05_20260905T103456Z.csv
Sep 05 18:34:56 cenvi510-storage river-flood-process[21104]: 2026-09-05 18:34:56 | INFO     | save       | _save_operational_information:235 | Operational information file written: data/gold/trigger_decisions/2026-09-05/operational_information_2026-09-05_20260905T103456Z.csv
Sep 05 18:34:56 cenvi510-storage river-flood-process[21104]: 2026-09-05 18:34:56 | INFO     | save       | save:79                      | No activated tiers found; skipping decision summary file
Sep 05 18:34:56 cenvi510-storage river-flood-process[21104]: 2026-09-05 18:34:56 | INFO     | save       | _prepare_trigger_decisions_for_plotting:282 | Skipping map plotting: no activated rows in CSV
Sep 05 18:34:56 cenvi510-storage river-flood-process[21104]: 2026-09-05 18:34:56 | INFO     | save       | _save_maps:545               | Map files saved: 0 map(s) written to data/gold/trigger_decisions/2026-09-05/maps
Sep 05 18:34:56 cenvi510-storage river-flood-process[21104]: 2026-09-05 18:34:56 | INFO     | pipeline   | run_daily_monitoring:127     | run_daily_monitoring complete — 2 basins, 0 tier fires, activation=data/gold/trigger_decisions/2026-09-05/activation_2026-09-05_20260905T103456Z.csv, operational_information=data/gold/trigger_decisions/2026-09-05/operational_information_2026-09-05_20260905T103456Z.csv
Sep 05 18:34:56 cenvi510-storage river-flood-process[21104]: 2026-09-05 18:34:56 | INFO     | cli        | main:80                      | Daily ETL complete: 2 basins, 60 units, 0 fired tier decisions. Output: data/gold/trigger_decisions/2026-09-05/operational_information_2026-09-05_20260905T103456Z.csv
Sep 05 18:34:56 cenvi510-storage river-flood-process[21098]: No alert requested.
Sep 05 18:34:56 cenvi510-storage systemd[1]: river-flood-process.service: Deactivated successfully.
Sep 05 18:34:56 cenvi510-storage systemd[1]: Finished river-flood-process.service - Process GloFAS data for river flood workflow.
Sep 05 18:34:56 cenvi510-storage systemd[1]: river-flood-process.service: Consumed 1min 2.515s CPU time.
Sep 06 18:30:16 cenvi510-storage systemd[1]: Starting glofas-fetch.service - Fetch GloFAS via lftp...
Sep 06 18:30:58 cenvi510-storage glofas-fetch[30016]: get: glofas_areagrid_for_Phillippines_in_Phillippines_2026090600.nc: Fatal error: max-retries exceeded
Sep 06 18:30:58 cenvi510-storage systemd[1]: glofas-fetch.service: Main process exited, code=exited, status=1/FAILURE
Sep 06 18:30:58 cenvi510-storage systemd[1]: glofas-fetch.service: Failed with result 'exit-code'.
Sep 06 18:31:13 cenvi510-storage systemd[1]: glofas-fetch.service: Scheduled restart job, restart counter is at 1.
Sep 06 18:31:14 cenvi510-storage systemd[1]: Starting glofas-fetch.service - Fetch GloFAS via lftp...
Sep 06 18:31:56 cenvi510-storage glofas-fetch[30035]: get: glofas_areagrid_for_Phillippines_in_Phillippines_2026090600.nc: Fatal error: max-retries exceeded
Sep 06 18:31:56 cenvi510-storage systemd[1]: glofas-fetch.service: Main process exited, code=exited, status=1/FAILURE
Sep 06 18:31:56 cenvi510-storage systemd[1]: glofas-fetch.service: Failed with result 'exit-code'.
Sep 06 18:32:11 cenvi510-storage systemd[1]: glofas-fetch.service: Scheduled restart job, restart counter is at 2.
Sep 06 18:32:11 cenvi510-storage systemd[1]: Starting glofas-fetch.service - Fetch GloFAS via lftp...
Sep 06 18:32:53 cenvi510-storage glofas-fetch[30053]: get: glofas_areagrid_for_Phillippines_in_Phillippines_2026090600.nc: Fatal error: max-retries exceeded
Sep 06 18:32:53 cenvi510-storage systemd[1]: glofas-fetch.service: Main process exited, code=exited, status=1/FAILURE
Sep 06 18:32:53 cenvi510-storage systemd[1]: glofas-fetch.service: Failed with result 'exit-code'.
Sep 06 18:33:08 cenvi510-storage systemd[1]: glofas-fetch.service: Scheduled restart job, restart counter is at 3.
Sep 06 18:33:08 cenvi510-storage systemd[1]: Starting glofas-fetch.service - Fetch GloFAS via lftp...
Sep 06 18:33:51 cenvi510-storage glofas-fetch[30073]: get: glofas_areagrid_for_Phillippines_in_Phillippines_2026090600.nc: Fatal error: max-retries exceeded
Sep 06 18:33:52 cenvi510-storage systemd[1]: glofas-fetch.service: Main process exited, code=exited, status=1/FAILURE
Sep 06 18:33:52 cenvi510-storage systemd[1]: glofas-fetch.service: Failed with result 'exit-code'.
Sep 06 18:34:07 cenvi510-storage systemd[1]: glofas-fetch.service: Scheduled restart job, restart counter is at 4.
Sep 06 18:34:07 cenvi510-storage systemd[1]: Starting glofas-fetch.service - Fetch GloFAS via lftp...
Sep 06 18:34:50 cenvi510-storage glofas-fetch[30092]: get: glofas_areagrid_for_Phillippines_in_Phillippines_2026090600.nc: Fatal error: max-retries exceeded
Sep 06 18:34:51 cenvi510-storage systemd[1]: glofas-fetch.service: Main process exited, code=exited, status=1/FAILURE
Sep 06 18:34:51 cenvi510-storage systemd[1]: glofas-fetch.service: Failed with result 'exit-code'.
Sep 06 18:35:06 cenvi510-storage systemd[1]: glofas-fetch.service: Scheduled restart job, restart counter is at 5.
Sep 06 18:35:06 cenvi510-storage systemd[1]: Starting glofas-fetch.service - Fetch GloFAS via lftp...
Sep 06 18:35:48 cenvi510-storage glofas-fetch[30112]: get: glofas_areagrid_for_Phillippines_in_Phillippines_2026090600.nc: Fatal error: max-retries exceeded
Sep 06 18:35:48 cenvi510-storage systemd[1]: glofas-fetch.service: Main process exited, code=exited, status=1/FAILURE
Sep 06 18:35:48 cenvi510-storage systemd[1]: glofas-fetch.service: Failed with result 'exit-code'.
Sep 06 18:36:03 cenvi510-storage systemd[1]: glofas-fetch.service: Scheduled restart job, restart counter is at 6.
Sep 06 18:36:03 cenvi510-storage systemd[1]: Starting glofas-fetch.service - Fetch GloFAS via lftp...
Sep 06 18:36:45 cenvi510-storage glofas-fetch[30130]: get: glofas_areagrid_for_Phillippines_in_Phillippines_2026090600.nc: Fatal error: max-retries exceeded
Sep 06 18:36:45 cenvi510-storage systemd[1]: glofas-fetch.service: Main process exited, code=exited, status=1/FAILURE
Sep 06 18:36:45 cenvi510-storage systemd[1]: glofas-fetch.service: Failed with result 'exit-code'.
Sep 06 18:37:00 cenvi510-storage systemd[1]: glofas-fetch.service: Scheduled restart job, restart counter is at 7.
Sep 06 18:37:00 cenvi510-storage systemd[1]: Starting glofas-fetch.service - Fetch GloFAS via lftp...
Sep 06 18:37:43 cenvi510-storage glofas-fetch[30147]: get: glofas_areagrid_for_Phillippines_in_Phillippines_2026090600.nc: Fatal error: max-retries exceeded
Sep 06 18:37:43 cenvi510-storage systemd[1]: glofas-fetch.service: Main process exited, code=exited, status=1/FAILURE
Sep 06 18:37:43 cenvi510-storage systemd[1]: glofas-fetch.service: Failed with result 'exit-code'.
Sep 06 18:37:58 cenvi510-storage systemd[1]: glofas-fetch.service: Scheduled restart job, restart counter is at 8.
Sep 06 18:37:58 cenvi510-storage systemd[1]: Starting glofas-fetch.service - Fetch GloFAS via lftp...
Sep 06 18:38:41 cenvi510-storage glofas-fetch[30161]: get: glofas_areagrid_for_Phillippines_in_Phillippines_2026090600.nc: Fatal error: max-retries exceeded
Sep 06 18:38:41 cenvi510-storage systemd[1]: glofas-fetch.service: Main process exited, code=exited, status=1/FAILURE
Sep 06 18:38:41 cenvi510-storage systemd[1]: glofas-fetch.service: Failed with result 'exit-code'.
Sep 06 18:38:56 cenvi510-storage systemd[1]: glofas-fetch.service: Scheduled restart job, restart counter is at 9.
Sep 06 18:38:56 cenvi510-storage systemd[1]: Starting glofas-fetch.service - Fetch GloFAS via lftp...
Sep 06 18:39:38 cenvi510-storage glofas-fetch[30179]: get: glofas_areagrid_for_Phillippines_in_Phillippines_2026090600.nc: Fatal error: max-retries exceeded
Sep 06 18:39:38 cenvi510-storage systemd[1]: glofas-fetch.service: Main process exited, code=exited, status=1/FAILURE
Sep 06 18:39:38 cenvi510-storage systemd[1]: glofas-fetch.service: Failed with result 'exit-code'.
Sep 06 18:39:53 cenvi510-storage systemd[1]: glofas-fetch.service: Scheduled restart job, restart counter is at 10.
Sep 06 18:39:54 cenvi510-storage systemd[1]: Starting glofas-fetch.service - Fetch GloFAS via lftp...
Sep 06 18:40:35 cenvi510-storage glofas-fetch[30196]: get: glofas_areagrid_for_Phillippines_in_Phillippines_2026090600.nc: Fatal error: max-retries exceeded
Sep 06 18:40:36 cenvi510-storage systemd[1]: glofas-fetch.service: Main process exited, code=exited, status=1/FAILURE
Sep 06 18:40:36 cenvi510-storage systemd[1]: glofas-fetch.service: Failed with result 'exit-code'.
Sep 06 18:40:51 cenvi510-storage systemd[1]: glofas-fetch.service: Scheduled restart job, restart counter is at 11.
Sep 06 18:40:51 cenvi510-storage systemd[1]: Starting glofas-fetch.service - Fetch GloFAS via lftp...
Sep 06 18:41:33 cenvi510-storage glofas-fetch[30216]: get: glofas_areagrid_for_Phillippines_in_Phillippines_2026090600.nc: Fatal error: max-retries exceeded
Sep 06 18:41:33 cenvi510-storage systemd[1]: glofas-fetch.service: Main process exited, code=exited, status=1/FAILURE
Sep 06 18:41:33 cenvi510-storage systemd[1]: glofas-fetch.service: Failed with result 'exit-code'.
Sep 06 18:41:48 cenvi510-storage systemd[1]: glofas-fetch.service: Scheduled restart job, restart counter is at 12.
Sep 06 18:41:49 cenvi510-storage systemd[1]: Starting glofas-fetch.service - Fetch GloFAS via lftp...
Sep 06 18:42:32 cenvi510-storage glofas-fetch[30234]: get: glofas_areagrid_for_Phillippines_in_Phillippines_2026090600.nc: Fatal error: max-retries exceeded
Sep 06 18:42:32 cenvi510-storage systemd[1]: glofas-fetch.service: Main process exited, code=exited, status=1/FAILURE
Sep 06 18:42:32 cenvi510-storage systemd[1]: glofas-fetch.service: Failed with result 'exit-code'.
Sep 06 18:42:47 cenvi510-storage systemd[1]: glofas-fetch.service: Scheduled restart job, restart counter is at 13.
Sep 06 18:42:47 cenvi510-storage systemd[1]: Starting glofas-fetch.service - Fetch GloFAS via lftp...
Sep 06 18:43:29 cenvi510-storage glofas-fetch[30253]: get: glofas_areagrid_for_Phillippines_in_Phillippines_2026090600.nc: Fatal error: max-retries exceeded
Sep 06 18:43:29 cenvi510-storage systemd[1]: glofas-fetch.service: Main process exited, code=exited, status=1/FAILURE
Sep 06 18:43:29 cenvi510-storage systemd[1]: glofas-fetch.service: Failed with result 'exit-code'.
Sep 06 18:43:44 cenvi510-storage systemd[1]: glofas-fetch.service: Scheduled restart job, restart counter is at 14.
Sep 06 18:43:44 cenvi510-storage systemd[1]: Starting glofas-fetch.service - Fetch GloFAS via lftp...
Sep 06 18:44:26 cenvi510-storage glofas-fetch[30272]: get: glofas_areagrid_for_Phillippines_in_Phillippines_2026090600.nc: Fatal error: max-retries exceeded
Sep 06 18:44:26 cenvi510-storage systemd[1]: glofas-fetch.service: Main process exited, code=exited, status=1/FAILURE
Sep 06 18:44:26 cenvi510-storage systemd[1]: glofas-fetch.service: Failed with result 'exit-code'.
Sep 06 18:44:41 cenvi510-storage systemd[1]: glofas-fetch.service: Scheduled restart job, restart counter is at 15.
Sep 06 18:44:41 cenvi510-storage systemd[1]: Starting glofas-fetch.service - Fetch GloFAS via lftp...
Sep 06 18:45:23 cenvi510-storage glofas-fetch[30291]: get: glofas_areagrid_for_Phillippines_in_Phillippines_2026090600.nc: Fatal error: max-retries exceeded
Sep 06 18:45:23 cenvi510-storage systemd[1]: glofas-fetch.service: Main process exited, code=exited, status=1/FAILURE
Sep 06 18:45:23 cenvi510-storage systemd[1]: glofas-fetch.service: Failed with result 'exit-code'.
Sep 06 18:45:38 cenvi510-storage systemd[1]: glofas-fetch.service: Scheduled restart job, restart counter is at 16.
Sep 06 18:45:38 cenvi510-storage systemd[1]: Starting glofas-fetch.service - Fetch GloFAS via lftp...
Sep 06 18:46:19 cenvi510-storage glofas-fetch[30311]: get: glofas_areagrid_for_Phillippines_in_Phillippines_2026090600.nc: Fatal error: max-retries exceeded
Sep 06 18:46:20 cenvi510-storage systemd[1]: glofas-fetch.service: Main process exited, code=exited, status=1/FAILURE
Sep 06 18:46:20 cenvi510-storage systemd[1]: glofas-fetch.service: Failed with result 'exit-code'.
Sep 06 18:46:35 cenvi510-storage systemd[1]: glofas-fetch.service: Scheduled restart job, restart counter is at 17.
Sep 06 18:46:35 cenvi510-storage systemd[1]: Starting glofas-fetch.service - Fetch GloFAS via lftp...
Sep 06 18:47:17 cenvi510-storage glofas-fetch[30331]: get: glofas_areagrid_for_Phillippines_in_Phillippines_2026090600.nc: Fatal error: max-retries exceeded
Sep 06 18:47:17 cenvi510-storage systemd[1]: glofas-fetch.service: Main process exited, code=exited, status=1/FAILURE
Sep 06 18:47:17 cenvi510-storage systemd[1]: glofas-fetch.service: Failed with result 'exit-code'.
Sep 06 18:47:32 cenvi510-storage systemd[1]: glofas-fetch.service: Scheduled restart job, restart counter is at 18.
Sep 06 18:47:32 cenvi510-storage systemd[1]: Starting glofas-fetch.service - Fetch GloFAS via lftp...
Sep 06 18:48:14 cenvi510-storage glofas-fetch[30348]: get: glofas_areagrid_for_Phillippines_in_Phillippines_2026090600.nc: Fatal error: max-retries exceeded
Sep 06 18:48:14 cenvi510-storage systemd[1]: glofas-fetch.service: Main process exited, code=exited, status=1/FAILURE
Sep 06 18:48:14 cenvi510-storage systemd[1]: glofas-fetch.service: Failed with result 'exit-code'.
Sep 06 18:48:29 cenvi510-storage systemd[1]: glofas-fetch.service: Scheduled restart job, restart counter is at 19.
Sep 06 18:48:29 cenvi510-storage systemd[1]: Starting glofas-fetch.service - Fetch GloFAS via lftp...
Sep 06 18:49:11 cenvi510-storage glofas-fetch[30366]: get: glofas_areagrid_for_Phillippines_in_Phillippines_2026090600.nc: Fatal error: max-retries exceeded
Sep 06 18:49:11 cenvi510-storage systemd[1]: glofas-fetch.service: Main process exited, code=exited, status=1/FAILURE
Sep 06 18:49:11 cenvi510-storage systemd[1]: glofas-fetch.service: Failed with result 'exit-code'.
Sep 06 18:49:26 cenvi510-storage systemd[1]: glofas-fetch.service: Scheduled restart job, restart counter is at 20.
Sep 06 18:49:27 cenvi510-storage systemd[1]: Starting glofas-fetch.service - Fetch GloFAS via lftp...
Sep 06 18:50:09 cenvi510-storage glofas-fetch[30384]: get: glofas_areagrid_for_Phillippines_in_Phillippines_2026090600.nc: Fatal error: max-retries exceeded
Sep 06 18:50:09 cenvi510-storage systemd[1]: glofas-fetch.service: Main process exited, code=exited, status=1/FAILURE
Sep 06 18:50:09 cenvi510-storage systemd[1]: glofas-fetch.service: Failed with result 'exit-code'.
Sep 06 18:50:24 cenvi510-storage systemd[1]: glofas-fetch.service: Scheduled restart job, restart counter is at 21.
Sep 06 18:50:24 cenvi510-storage systemd[1]: Starting glofas-fetch.service - Fetch GloFAS via lftp...
Sep 06 18:51:06 cenvi510-storage glofas-fetch[30403]: get: glofas_areagrid_for_Phillippines_in_Phillippines_2026090600.nc: Fatal error: max-retries exceeded
Sep 06 18:51:07 cenvi510-storage systemd[1]: glofas-fetch.service: Main process exited, code=exited, status=1/FAILURE
Sep 06 18:51:07 cenvi510-storage systemd[1]: glofas-fetch.service: Failed with result 'exit-code'.
Sep 06 18:51:22 cenvi510-storage systemd[1]: glofas-fetch.service: Scheduled restart job, restart counter is at 22.
Sep 06 18:51:22 cenvi510-storage systemd[1]: Starting glofas-fetch.service - Fetch GloFAS via lftp...
Sep 06 18:55:23 cenvi510-storage glofas-fetch[30421]: 86693378 bytes transferred in 237 seconds (357.5 KiB/s)
Sep 06 18:55:23 cenvi510-storage systemd[1]: glofas-fetch.service: Deactivated successfully.
Sep 06 18:55:23 cenvi510-storage systemd[1]: Finished glofas-fetch.service - Fetch GloFAS via lftp.
Sep 06 18:55:23 cenvi510-storage systemd[1]: glofas-fetch.service: Consumed 1.256s CPU time.
Sep 06 18:55:23 cenvi510-storage systemd[1]: Starting river-flood-process.service - Process GloFAS data for river flood workflow...
Sep 06 18:55:24 cenvi510-storage river-flood-process[30452]: 2026-09-06 18:55:24 | INFO     | pipeline   | run_daily_monitoring:60      | run_daily_monitoring started — run='daily_flood_monitoring', issue_date=2026-09-06, basins=2, steps=[extract=True, forecast=True, save=True], log=logs/2026/09/daily_flood_monitoring_20260906T185524.txt
Sep 06 18:55:24 cenvi510-storage river-flood-process[30452]: 2026-09-06 18:55:24 | INFO     | extract    | extract:31                   | Processing basin 'cagayan'
Sep 06 18:55:24 cenvi510-storage river-flood-process[30452]: 2026-09-06 18:55:24 | INFO     | extract    | _resolve_forecast_path:109   | Checking forecast file: /var/cache/glofas/glofas_areagrid_for_Phillippines_in_Phillippines_2026090600.nc
Sep 06 18:55:24 cenvi510-storage river-flood-process[30452]: 2026-09-06 18:55:24 | INFO     | extract    | _resolve_forecast_path:111   | Forecast file found: /var/cache/glofas/glofas_areagrid_for_Phillippines_in_Phillippines_2026090600.nc
Sep 06 18:55:24 cenvi510-storage river-flood-process[30452]: 2026-09-06 18:55:24 | INFO     | extract    | _load_oep_thresholds:130     | Loading OEP thresholds from config/risk_profiles/cagayan_oep_curves_all_units.json (oep_min=100)
Sep 06 18:55:24 cenvi510-storage river-flood-process[30452]: 2026-09-06 18:55:24 | INFO     | extract    | _load_oep_thresholds:168     | OEP thresholds loaded: 337 units with valid thresholds (from 338 total, oep_min=100)
Sep 06 18:55:24 cenvi510-storage river-flood-process[30452]: 2026-09-06 18:55:24 | INFO     | extract    | _filter_units_by_target_adm2:243 | Target ADM2 filtering complete for basin 'cagayan': 337 -> 25 units (targets=1)
Sep 06 18:55:24 cenvi510-storage river-flood-process[30452]: 2026-09-06 18:55:24 | INFO     | forecast   | forecast:59                  | Starting evaluation — basin='cagayan', issue_date=2026-09-06
Sep 06 18:55:24 cenvi510-storage river-flood-process[30452]: 2026-09-06 18:55:24 | INFO     | forecast   | detect_flood_events:1318     | Detect phase (detect_flood_events) — basin='cagayan', issue_date=2026-09-06, leads=[1, 2, 3, 4, 5], t0_years=2.0, a_min_km2=100
Sep 06 18:55:24 cenvi510-storage river-flood-process[30452]: 2026-09-06 18:55:24 | INFO     | forecast   | detect_flood_events:1357     | EVT1 params loaded: 1024 cells for basin 'cagayan'
Sep 06 18:55:31 cenvi510-storage river-flood-process[30452]: /opt/river-flood-workflow/.venv/lib/python3.11/site-packages/xarray/backends/plugins.py:109: RuntimeWarning: Engine 'cfgrib' loading failed:
Sep 06 18:55:31 cenvi510-storage river-flood-process[30452]: Cannot find the ecCodes library
Sep 06 18:55:31 cenvi510-storage river-flood-process[30452]:   external_backend_entrypoints = backends_dict_from_pkg(entrypoints_unique)
Sep 06 18:55:31 cenvi510-storage river-flood-process[30452]: 2026-09-06 18:55:31 | INFO     | forecast   | _open_forecast_source:891    | Forecast source opened: 1 files, time_dim='time', member_dim='member', indexed_members=51
Sep 06 18:55:32 cenvi510-storage river-flood-process[30452]: 2026-09-06 18:55:32 | INFO     | forecast   | detect_flood_events:1455     | Lead  1d: 0/51 flood members, 0 qualifying patches
Sep 06 18:55:33 cenvi510-storage river-flood-process[30452]: 2026-09-06 18:55:33 | INFO     | forecast   | detect_flood_events:1455     | Lead  2d: 0/51 flood members, 0 qualifying patches
Sep 06 18:55:35 cenvi510-storage river-flood-process[30452]: 2026-09-06 18:55:35 | INFO     | forecast   | detect_flood_events:1455     | Lead  3d: 1/51 flood members, 2 qualifying patches
Sep 06 18:55:56 cenvi510-storage river-flood-process[30452]: 2026-09-06 18:55:56 | INFO     | forecast   | _compute_impacts_from_event_patches:590 | Computed impacts from 8/8 event patches: 1 members, 1 lead days, 6 units
Sep 06 18:55:59 cenvi510-storage river-flood-process[30452]: 2026-09-06 18:55:59 | INFO     | forecast   | detect_flood_events:1455     | Lead  4d: 5/51 flood members, 8 qualifying patches
Sep 06 18:56:56 cenvi510-storage river-flood-process[30452]: 2026-09-06 18:56:56 | INFO     | forecast   | _compute_impacts_from_event_patches:590 | Computed impacts from 24/24 event patches: 3 members, 1 lead days, 20 units
Sep 06 18:56:59 cenvi510-storage river-flood-process[30452]: 2026-09-06 18:56:59 | INFO     | forecast   | detect_flood_events:1455     | Lead  5d: 11/51 flood members, 22 qualifying patches
Sep 06 18:59:22 cenvi510-storage river-flood-process[30452]: 2026-09-06 18:59:22 | INFO     | forecast   | _compute_impacts_from_event_patches:590 | Computed impacts from 56/56 event patches: 8 members, 1 lead days, 32 units
Sep 06 18:59:22 cenvi510-storage river-flood-process[30452]: 2026-09-06 18:59:22 | INFO     | forecast   | detect_flood_events:1537     | Detect phase complete — 339 units, 5 lead days, 51 members
Sep 06 18:59:22 cenvi510-storage river-flood-process[30452]: 2026-09-06 18:59:22 | INFO     | forecast   | forecast:77                  | Detection mode complete — impact cube has 339 units
Sep 06 18:59:22 cenvi510-storage river-flood-process[30452]: 2026-09-06 18:59:22 | INFO     | forecast   | _aggregate_adm3_impacts_to_adm2:181 | ADM2 aggregation complete: 24 ADM3 units rolled up into parent ADM2 impact totals
Sep 06 18:59:22 cenvi510-storage river-flood-process[30452]: 2026-09-06 18:59:22 | INFO     | forecast   | _compute_prob_exceed:1562    | Computing exceedance probabilities: 339 cube units, 51 ensemble members
Sep 06 18:59:22 cenvi510-storage river-flood-process[30452]: 2026-09-06 18:59:22 | INFO     | forecast   | _compute_prob_exceed:1581    | Exceedance probabilities computed for 25 qualifying units
Sep 06 18:59:22 cenvi510-storage river-flood-process[30452]: 2026-09-06 18:59:22 | INFO     | forecast   | _apply_tier_rules:210        | Applying 3 tier rules to 25 units (persist_days=2, min_lead=1)
Sep 06 18:59:22 cenvi510-storage river-flood-process[30452]: 2026-09-06 18:59:22 | INFO     | forecast   | _apply_tier_rules:305        | Tier evaluation complete: 25 units, 0 tier decisions fired, 1 units below oep_min=100
Sep 06 18:59:22 cenvi510-storage river-flood-process[30452]: 2026-09-06 18:59:22 | INFO     | forecast   | forecast:96                  | Evaluation complete — basin='cagayan', 25 units evaluated
Sep 06 18:59:22 cenvi510-storage river-flood-process[30452]: 2026-09-06 18:59:22 | INFO     | extract    | extract:31                   | Processing basin 'bicol'
Sep 06 18:59:22 cenvi510-storage river-flood-process[30452]: 2026-09-06 18:59:22 | INFO     | extract    | _resolve_forecast_path:109   | Checking forecast file: /var/cache/glofas/glofas_areagrid_for_Phillippines_in_Phillippines_2026090600.nc
Sep 06 18:59:22 cenvi510-storage river-flood-process[30452]: 2026-09-06 18:59:22 | INFO     | extract    | _resolve_forecast_path:111   | Forecast file found: /var/cache/glofas/glofas_areagrid_for_Phillippines_in_Phillippines_2026090600.nc
Sep 06 18:59:22 cenvi510-storage river-flood-process[30452]: 2026-09-06 18:59:22 | INFO     | extract    | _load_oep_thresholds:130     | Loading OEP thresholds from config/risk_profiles/bicol_oep_curves_all_units.json (oep_min=100)
Sep 06 18:59:22 cenvi510-storage river-flood-process[30452]: 2026-09-06 18:59:22 | INFO     | extract    | _load_oep_thresholds:168     | OEP thresholds loaded: 138 units with valid thresholds (from 139 total, oep_min=100)
Sep 06 18:59:22 cenvi510-storage river-flood-process[30452]: 2026-09-06 18:59:22 | INFO     | extract    | _filter_units_by_target_adm2:243 | Target ADM2 filtering complete for basin 'bicol': 138 -> 35 units (targets=1)
Sep 06 18:59:22 cenvi510-storage river-flood-process[30452]: 2026-09-06 18:59:22 | INFO     | forecast   | forecast:59                  | Starting evaluation — basin='bicol', issue_date=2026-09-06
Sep 06 18:59:22 cenvi510-storage river-flood-process[30452]: 2026-09-06 18:59:22 | INFO     | forecast   | detect_flood_events:1318     | Detect phase (detect_flood_events) — basin='bicol', issue_date=2026-09-06, leads=[1, 2, 3, 4, 5], t0_years=2.0, a_min_km2=100
Sep 06 18:59:22 cenvi510-storage river-flood-process[30452]: 2026-09-06 18:59:22 | INFO     | forecast   | detect_flood_events:1357     | EVT1 params loaded: 137 cells for basin 'bicol'
Sep 06 18:59:28 cenvi510-storage river-flood-process[30452]: 2026-09-06 18:59:28 | INFO     | forecast   | _open_forecast_source:891    | Forecast source opened: 1 files, time_dim='time', member_dim='member', indexed_members=51
Sep 06 18:59:28 cenvi510-storage river-flood-process[30452]: 2026-09-06 18:59:28 | INFO     | forecast   | detect_flood_events:1455     | Lead  1d: 0/51 flood members, 0 qualifying patches
Sep 06 18:59:30 cenvi510-storage river-flood-process[30452]: 2026-09-06 18:59:30 | INFO     | forecast   | detect_flood_events:1455     | Lead  2d: 0/51 flood members, 0 qualifying patches
Sep 06 18:59:31 cenvi510-storage river-flood-process[30452]: 2026-09-06 18:59:31 | INFO     | forecast   | detect_flood_events:1455     | Lead  3d: 0/51 flood members, 0 qualifying patches
Sep 06 18:59:34 cenvi510-storage river-flood-process[30452]: 2026-09-06 18:59:34 | INFO     | forecast   | detect_flood_events:1455     | Lead  4d: 0/51 flood members, 0 qualifying patches
Sep 06 18:59:37 cenvi510-storage river-flood-process[30452]: 2026-09-06 18:59:37 | INFO     | forecast   | detect_flood_events:1455     | Lead  5d: 3/51 flood members, 6 qualifying patches
Sep 06 19:00:10 cenvi510-storage river-flood-process[30452]: 2026-09-06 19:00:10 | INFO     | forecast   | _compute_impacts_from_event_patches:590 | Computed impacts from 20/20 event patches: 3 members, 1 lead days, 27 units
Sep 06 19:00:10 cenvi510-storage river-flood-process[30452]: 2026-09-06 19:00:10 | INFO     | forecast   | detect_flood_events:1537     | Detect phase complete — 139 units, 5 lead days, 51 members
Sep 06 19:00:10 cenvi510-storage river-flood-process[30452]: 2026-09-06 19:00:10 | INFO     | forecast   | forecast:77                  | Detection mode complete — impact cube has 139 units
Sep 06 19:00:10 cenvi510-storage river-flood-process[30452]: 2026-09-06 19:00:10 | INFO     | forecast   | _aggregate_adm3_impacts_to_adm2:181 | ADM2 aggregation complete: 34 ADM3 units rolled up into parent ADM2 impact totals
Sep 06 19:00:10 cenvi510-storage river-flood-process[30452]: 2026-09-06 19:00:10 | INFO     | forecast   | _compute_prob_exceed:1562    | Computing exceedance probabilities: 139 cube units, 51 ensemble members
Sep 06 19:00:10 cenvi510-storage river-flood-process[30452]: 2026-09-06 19:00:10 | INFO     | forecast   | _compute_prob_exceed:1581    | Exceedance probabilities computed for 35 qualifying units
Sep 06 19:00:10 cenvi510-storage river-flood-process[30452]: 2026-09-06 19:00:10 | INFO     | forecast   | _apply_tier_rules:210        | Applying 3 tier rules to 35 units (persist_days=2, min_lead=1)
Sep 06 19:00:10 cenvi510-storage river-flood-process[30452]: 2026-09-06 19:00:10 | INFO     | forecast   | _apply_tier_rules:305        | Tier evaluation complete: 35 units, 0 tier decisions fired, 35 units below oep_min=100
Sep 06 19:00:10 cenvi510-storage river-flood-process[30452]: 2026-09-06 19:00:10 | INFO     | forecast   | forecast:96                  | Evaluation complete — basin='bicol', 35 units evaluated
Sep 06 19:00:10 cenvi510-storage river-flood-process[30452]: 2026-09-06 19:00:10 | INFO     | save       | save:37                      | Writing output: 2 basins, format=csv, dir=data/gold/trigger_decisions/2026-09-06
Sep 06 19:00:10 cenvi510-storage river-flood-process[30452]: 2026-09-06 19:00:10 | INFO     | save       | _save_activation_decisions:222 | Activation file written: data/gold/trigger_decisions/2026-09-06/activation_2026-09-06_20260906T110010Z.csv
Sep 06 19:00:10 cenvi510-storage river-flood-process[30452]: 2026-09-06 19:00:10 | INFO     | save       | _save_operational_information:235 | Operational information file written: data/gold/trigger_decisions/2026-09-06/operational_information_2026-09-06_20260906T110010Z.csv
Sep 06 19:00:10 cenvi510-storage river-flood-process[30452]: 2026-09-06 19:00:10 | INFO     | save       | save:79                      | No activated tiers found; skipping decision summary file
Sep 06 19:00:10 cenvi510-storage river-flood-process[30452]: 2026-09-06 19:00:10 | INFO     | save       | _prepare_trigger_decisions_for_plotting:282 | Skipping map plotting: no activated rows in CSV
Sep 06 19:00:10 cenvi510-storage river-flood-process[30452]: 2026-09-06 19:00:10 | INFO     | save       | _save_maps:545               | Map files saved: 0 map(s) written to data/gold/trigger_decisions/2026-09-06/maps
Sep 06 19:00:10 cenvi510-storage river-flood-process[30452]: 2026-09-06 19:00:10 | INFO     | pipeline   | run_daily_monitoring:127     | run_daily_monitoring complete — 2 basins, 0 tier fires, activation=data/gold/trigger_decisions/2026-09-06/activation_2026-09-06_20260906T110010Z.csv, operational_information=data/gold/trigger_decisions/2026-09-06/operational_information_2026-09-06_20260906T110010Z.csv
Sep 06 19:00:10 cenvi510-storage river-flood-process[30452]: 2026-09-06 19:00:10 | INFO     | cli        | main:80                      | Daily ETL complete: 2 basins, 60 units, 0 fired tier decisions. Output: data/gold/trigger_decisions/2026-09-06/operational_information_2026-09-06_20260906T110010Z.csv
Sep 06 19:00:11 cenvi510-storage river-flood-process[30445]: No alert requested.
Sep 06 19:00:11 cenvi510-storage systemd[1]: river-flood-process.service: Deactivated successfully.
Sep 06 19:00:11 cenvi510-storage systemd[1]: Finished river-flood-process.service - Process GloFAS data for river flood workflow.
Sep 06 19:00:11 cenvi510-storage systemd[1]: river-flood-process.service: Consumed 4min 47.561s CPU time.
Sep 07 18:30:16 cenvi510-storage systemd[1]: Starting glofas-fetch.service - Fetch GloFAS via lftp...
Sep 07 18:33:54 cenvi510-storage glofas-fetch[38804]: 86685265 bytes transferred in 214 seconds (396.4 KiB/s)
Sep 07 18:33:54 cenvi510-storage systemd[1]: glofas-fetch.service: Deactivated successfully.
Sep 07 18:33:54 cenvi510-storage systemd[1]: Finished glofas-fetch.service - Fetch GloFAS via lftp.
Sep 07 18:33:54 cenvi510-storage systemd[1]: glofas-fetch.service: Consumed 1.353s CPU time.
Sep 07 18:33:54 cenvi510-storage systemd[1]: Starting river-flood-process.service - Process GloFAS data for river flood workflow...
Sep 07 18:33:55 cenvi510-storage river-flood-process[38828]: 2026-09-07 18:33:55 | INFO     | pipeline   | run_daily_monitoring:60      | run_daily_monitoring started — run='daily_flood_monitoring', issue_date=2026-09-07, basins=2, steps=[extract=True, forecast=True, save=True], log=logs/2026/09/daily_flood_monitoring_20260907T183355.txt
Sep 07 18:33:55 cenvi510-storage river-flood-process[38828]: 2026-09-07 18:33:55 | INFO     | extract    | extract:31                   | Processing basin 'cagayan'
Sep 07 18:33:55 cenvi510-storage river-flood-process[38828]: 2026-09-07 18:33:55 | INFO     | extract    | _resolve_forecast_path:109   | Checking forecast file: /var/cache/glofas/glofas_areagrid_for_Phillippines_in_Phillippines_2026090700.nc
Sep 07 18:33:55 cenvi510-storage river-flood-process[38828]: 2026-09-07 18:33:55 | INFO     | extract    | _resolve_forecast_path:111   | Forecast file found: /var/cache/glofas/glofas_areagrid_for_Phillippines_in_Phillippines_2026090700.nc
Sep 07 18:33:55 cenvi510-storage river-flood-process[38828]: 2026-09-07 18:33:55 | INFO     | extract    | _load_oep_thresholds:130     | Loading OEP thresholds from config/risk_profiles/cagayan_oep_curves_all_units.json (oep_min=100)
Sep 07 18:33:55 cenvi510-storage river-flood-process[38828]: 2026-09-07 18:33:55 | INFO     | extract    | _load_oep_thresholds:168     | OEP thresholds loaded: 337 units with valid thresholds (from 338 total, oep_min=100)
Sep 07 18:33:55 cenvi510-storage river-flood-process[38828]: 2026-09-07 18:33:55 | INFO     | extract    | _filter_units_by_target_adm2:243 | Target ADM2 filtering complete for basin 'cagayan': 337 -> 25 units (targets=1)
Sep 07 18:33:55 cenvi510-storage river-flood-process[38828]: 2026-09-07 18:33:55 | INFO     | forecast   | forecast:59                  | Starting evaluation — basin='cagayan', issue_date=2026-09-07
Sep 07 18:33:55 cenvi510-storage river-flood-process[38828]: 2026-09-07 18:33:55 | INFO     | forecast   | detect_flood_events:1318     | Detect phase (detect_flood_events) — basin='cagayan', issue_date=2026-09-07, leads=[1, 2, 3, 4, 5], t0_years=2.0, a_min_km2=100
Sep 07 18:33:55 cenvi510-storage river-flood-process[38828]: 2026-09-07 18:33:55 | INFO     | forecast   | detect_flood_events:1357     | EVT1 params loaded: 1024 cells for basin 'cagayan'
Sep 07 18:34:01 cenvi510-storage river-flood-process[38828]: /opt/river-flood-workflow/.venv/lib/python3.11/site-packages/xarray/backends/plugins.py:109: RuntimeWarning: Engine 'cfgrib' loading failed:
Sep 07 18:34:01 cenvi510-storage river-flood-process[38828]: Cannot find the ecCodes library
Sep 07 18:34:01 cenvi510-storage river-flood-process[38828]:   external_backend_entrypoints = backends_dict_from_pkg(entrypoints_unique)
Sep 07 18:34:02 cenvi510-storage river-flood-process[38828]: 2026-09-07 18:34:02 | INFO     | forecast   | _open_forecast_source:891    | Forecast source opened: 1 files, time_dim='time', member_dim='member', indexed_members=51
Sep 07 18:34:03 cenvi510-storage river-flood-process[38828]: 2026-09-07 18:34:03 | INFO     | forecast   | detect_flood_events:1455     | Lead  1d: 0/51 flood members, 0 qualifying patches
Sep 07 18:34:04 cenvi510-storage river-flood-process[38828]: 2026-09-07 18:34:04 | INFO     | forecast   | detect_flood_events:1455     | Lead  2d: 0/51 flood members, 0 qualifying patches
Sep 07 18:34:06 cenvi510-storage river-flood-process[38828]: 2026-09-07 18:34:06 | INFO     | forecast   | detect_flood_events:1455     | Lead  3d: 8/51 flood members, 12 qualifying patches
Sep 07 18:35:42 cenvi510-storage river-flood-process[38828]: 2026-09-07 18:35:42 | INFO     | forecast   | _compute_impacts_from_event_patches:590 | Computed impacts from 40/40 event patches: 7 members, 1 lead days, 22 units
Sep 07 18:35:45 cenvi510-storage river-flood-process[38828]: 2026-09-07 18:35:45 | INFO     | forecast   | detect_flood_events:1455     | Lead  4d: 18/51 flood members, 34 qualifying patches
Sep 07 18:40:17 cenvi510-storage river-flood-process[38828]: 2026-09-07 18:40:17 | INFO     | forecast   | _compute_impacts_from_event_patches:590 | Computed impacts from 120/120 event patches: 16 members, 1 lead days, 43 units
Sep 07 18:40:20 cenvi510-storage river-flood-process[38828]: 2026-09-07 18:40:20 | INFO     | forecast   | detect_flood_events:1455     | Lead  5d: 18/51 flood members, 44 qualifying patches
Sep 07 18:46:14 cenvi510-storage river-flood-process[38828]: 2026-09-07 18:46:14 | INFO     | forecast   | _compute_impacts_from_event_patches:590 | Computed impacts from 156/156 event patches: 16 members, 1 lead days, 72 units
Sep 07 18:46:15 cenvi510-storage river-flood-process[38828]: 2026-09-07 18:46:15 | INFO     | forecast   | detect_flood_events:1537     | Detect phase complete — 340 units, 5 lead days, 51 members
Sep 07 18:46:15 cenvi510-storage river-flood-process[38828]: 2026-09-07 18:46:15 | INFO     | forecast   | forecast:77                  | Detection mode complete — impact cube has 340 units
Sep 07 18:46:15 cenvi510-storage river-flood-process[38828]: 2026-09-07 18:46:15 | INFO     | forecast   | _aggregate_adm3_impacts_to_adm2:181 | ADM2 aggregation complete: 24 ADM3 units rolled up into parent ADM2 impact totals
Sep 07 18:46:15 cenvi510-storage river-flood-process[38828]: 2026-09-07 18:46:15 | INFO     | forecast   | _compute_prob_exceed:1562    | Computing exceedance probabilities: 340 cube units, 51 ensemble members
Sep 07 18:46:15 cenvi510-storage river-flood-process[38828]: 2026-09-07 18:46:15 | INFO     | forecast   | _compute_prob_exceed:1581    | Exceedance probabilities computed for 25 qualifying units
Sep 07 18:46:15 cenvi510-storage river-flood-process[38828]: 2026-09-07 18:46:15 | INFO     | forecast   | _apply_tier_rules:210        | Applying 3 tier rules to 25 units (persist_days=2, min_lead=1)
Sep 07 18:46:15 cenvi510-storage river-flood-process[38828]: 2026-09-07 18:46:15 | INFO     | forecast   | _apply_tier_rules:305        | Tier evaluation complete: 25 units, 0 tier decisions fired, 1 units below oep_min=100
Sep 07 18:46:15 cenvi510-storage river-flood-process[38828]: 2026-09-07 18:46:15 | INFO     | forecast   | forecast:96                  | Evaluation complete — basin='cagayan', 25 units evaluated
Sep 07 18:46:15 cenvi510-storage river-flood-process[38828]: 2026-09-07 18:46:15 | INFO     | extract    | extract:31                   | Processing basin 'bicol'
Sep 07 18:46:15 cenvi510-storage river-flood-process[38828]: 2026-09-07 18:46:15 | INFO     | extract    | _resolve_forecast_path:109   | Checking forecast file: /var/cache/glofas/glofas_areagrid_for_Phillippines_in_Phillippines_2026090700.nc
Sep 07 18:46:15 cenvi510-storage river-flood-process[38828]: 2026-09-07 18:46:15 | INFO     | extract    | _resolve_forecast_path:111   | Forecast file found: /var/cache/glofas/glofas_areagrid_for_Phillippines_in_Phillippines_2026090700.nc
Sep 07 18:46:15 cenvi510-storage river-flood-process[38828]: 2026-09-07 18:46:15 | INFO     | extract    | _load_oep_thresholds:130     | Loading OEP thresholds from config/risk_profiles/bicol_oep_curves_all_units.json (oep_min=100)
Sep 07 18:46:15 cenvi510-storage river-flood-process[38828]: 2026-09-07 18:46:15 | INFO     | extract    | _load_oep_thresholds:168     | OEP thresholds loaded: 138 units with valid thresholds (from 139 total, oep_min=100)
Sep 07 18:46:16 cenvi510-storage river-flood-process[38828]: 2026-09-07 18:46:16 | INFO     | extract    | _filter_units_by_target_adm2:243 | Target ADM2 filtering complete for basin 'bicol': 138 -> 35 units (targets=1)
Sep 07 18:46:16 cenvi510-storage river-flood-process[38828]: 2026-09-07 18:46:16 | INFO     | forecast   | forecast:59                  | Starting evaluation — basin='bicol', issue_date=2026-09-07
Sep 07 18:46:16 cenvi510-storage river-flood-process[38828]: 2026-09-07 18:46:16 | INFO     | forecast   | detect_flood_events:1318     | Detect phase (detect_flood_events) — basin='bicol', issue_date=2026-09-07, leads=[1, 2, 3, 4, 5], t0_years=2.0, a_min_km2=100
Sep 07 18:46:16 cenvi510-storage river-flood-process[38828]: 2026-09-07 18:46:16 | INFO     | forecast   | detect_flood_events:1357     | EVT1 params loaded: 137 cells for basin 'bicol'
Sep 07 18:46:21 cenvi510-storage river-flood-process[38828]: 2026-09-07 18:46:21 | INFO     | forecast   | _open_forecast_source:891    | Forecast source opened: 1 files, time_dim='time', member_dim='member', indexed_members=51
Sep 07 18:46:22 cenvi510-storage river-flood-process[38828]: 2026-09-07 18:46:22 | INFO     | forecast   | detect_flood_events:1455     | Lead  1d: 0/51 flood members, 0 qualifying patches
Sep 07 18:46:23 cenvi510-storage river-flood-process[38828]: 2026-09-07 18:46:23 | INFO     | forecast   | detect_flood_events:1455     | Lead  2d: 0/51 flood members, 0 qualifying patches
Sep 07 18:46:25 cenvi510-storage river-flood-process[38828]: 2026-09-07 18:46:25 | INFO     | forecast   | detect_flood_events:1455     | Lead  3d: 0/51 flood members, 0 qualifying patches
Sep 07 18:46:28 cenvi510-storage river-flood-process[38828]: 2026-09-07 18:46:28 | INFO     | forecast   | detect_flood_events:1455     | Lead  4d: 4/51 flood members, 5 qualifying patches
Sep 07 18:46:49 cenvi510-storage river-flood-process[38828]: 2026-09-07 18:46:49 | INFO     | forecast   | _compute_impacts_from_event_patches:590 | Computed impacts from 12/12 event patches: 3 members, 1 lead days, 31 units
Sep 07 18:46:52 cenvi510-storage river-flood-process[38828]: 2026-09-07 18:46:52 | INFO     | forecast   | detect_flood_events:1455     | Lead  5d: 6/51 flood members, 12 qualifying patches
Sep 07 18:47:42 cenvi510-storage river-flood-process[38828]: 2026-09-07 18:47:42 | INFO     | forecast   | _compute_impacts_from_event_patches:590 | Computed impacts from 28/28 event patches: 3 members, 1 lead days, 31 units
Sep 07 18:47:42 cenvi510-storage river-flood-process[38828]: 2026-09-07 18:47:42 | INFO     | forecast   | detect_flood_events:1537     | Detect phase complete — 139 units, 5 lead days, 51 members
Sep 07 18:47:42 cenvi510-storage river-flood-process[38828]: 2026-09-07 18:47:42 | INFO     | forecast   | forecast:77                  | Detection mode complete — impact cube has 139 units
Sep 07 18:47:42 cenvi510-storage river-flood-process[38828]: 2026-09-07 18:47:42 | INFO     | forecast   | _aggregate_adm3_impacts_to_adm2:181 | ADM2 aggregation complete: 34 ADM3 units rolled up into parent ADM2 impact totals
Sep 07 18:47:42 cenvi510-storage river-flood-process[38828]: 2026-09-07 18:47:42 | INFO     | forecast   | _compute_prob_exceed:1562    | Computing exceedance probabilities: 139 cube units, 51 ensemble members
Sep 07 18:47:42 cenvi510-storage river-flood-process[38828]: 2026-09-07 18:47:42 | INFO     | forecast   | _compute_prob_exceed:1581    | Exceedance probabilities computed for 35 qualifying units
Sep 07 18:47:42 cenvi510-storage river-flood-process[38828]: 2026-09-07 18:47:42 | INFO     | forecast   | _apply_tier_rules:210        | Applying 3 tier rules to 35 units (persist_days=2, min_lead=1)
Sep 07 18:47:42 cenvi510-storage river-flood-process[38828]: 2026-09-07 18:47:42 | INFO     | forecast   | _apply_tier_rules:305        | Tier evaluation complete: 35 units, 0 tier decisions fired, 35 units below oep_min=100
Sep 07 18:47:42 cenvi510-storage river-flood-process[38828]: 2026-09-07 18:47:42 | INFO     | forecast   | forecast:96                  | Evaluation complete — basin='bicol', 35 units evaluated
Sep 07 18:47:42 cenvi510-storage river-flood-process[38828]: 2026-09-07 18:47:42 | INFO     | save       | save:37                      | Writing output: 2 basins, format=csv, dir=data/gold/trigger_decisions/2026-09-07
Sep 07 18:47:42 cenvi510-storage river-flood-process[38828]: 2026-09-07 18:47:42 | INFO     | save       | _save_activation_decisions:222 | Activation file written: data/gold/trigger_decisions/2026-09-07/activation_2026-09-07_20260907T104742Z.csv
Sep 07 18:47:42 cenvi510-storage river-flood-process[38828]: 2026-09-07 18:47:42 | INFO     | save       | _save_operational_information:235 | Operational information file written: data/gold/trigger_decisions/2026-09-07/operational_information_2026-09-07_20260907T104742Z.csv
Sep 07 18:47:42 cenvi510-storage river-flood-process[38828]: 2026-09-07 18:47:42 | INFO     | save       | save:79                      | No activated tiers found; skipping decision summary file
Sep 07 18:47:42 cenvi510-storage river-flood-process[38828]: 2026-09-07 18:47:42 | INFO     | save       | _prepare_trigger_decisions_for_plotting:282 | Skipping map plotting: no activated rows in CSV
Sep 07 18:47:42 cenvi510-storage river-flood-process[38828]: 2026-09-07 18:47:42 | INFO     | save       | _save_maps:545               | Map files saved: 0 map(s) written to data/gold/trigger_decisions/2026-09-07/maps
Sep 07 18:47:42 cenvi510-storage river-flood-process[38828]: 2026-09-07 18:47:42 | INFO     | pipeline   | run_daily_monitoring:127     | run_daily_monitoring complete — 2 basins, 0 tier fires, activation=data/gold/trigger_decisions/2026-09-07/activation_2026-09-07_20260907T104742Z.csv, operational_information=data/gold/trigger_decisions/2026-09-07/operational_information_2026-09-07_20260907T104742Z.csv
Sep 07 18:47:42 cenvi510-storage river-flood-process[38828]: 2026-09-07 18:47:42 | INFO     | cli        | main:80                      | Daily ETL complete: 2 basins, 60 units, 0 fired tier decisions. Output: data/gold/trigger_decisions/2026-09-07/operational_information_2026-09-07_20260907T104742Z.csv
Sep 07 18:47:43 cenvi510-storage river-flood-process[38822]: No alert requested.
Sep 07 18:47:43 cenvi510-storage systemd[1]: river-flood-process.service: Deactivated successfully.
Sep 07 18:47:43 cenvi510-storage systemd[1]: Finished river-flood-process.service - Process GloFAS data for river flood workflow.
Sep 07 18:47:43 cenvi510-storage systemd[1]: river-flood-process.service: Consumed 13min 48.039s CPU time.
Sep 08 18:30:16 cenvi510-storage systemd[1]: Starting glofas-fetch.service - Fetch GloFAS via lftp...
Sep 08 18:33:53 cenvi510-storage glofas-fetch[47457]: 86668603 bytes transferred in 213 seconds (398.0 KiB/s)
Sep 08 18:33:53 cenvi510-storage systemd[1]: glofas-fetch.service: Deactivated successfully.
Sep 08 18:33:53 cenvi510-storage systemd[1]: Finished glofas-fetch.service - Fetch GloFAS via lftp.
Sep 08 18:33:53 cenvi510-storage systemd[1]: glofas-fetch.service: Consumed 1.357s CPU time.
Sep 08 18:33:53 cenvi510-storage systemd[1]: Starting river-flood-process.service - Process GloFAS data for river flood workflow...
Sep 08 18:33:54 cenvi510-storage river-flood-process[47482]: 2026-09-08 18:33:54 | INFO     | pipeline   | run_daily_monitoring:60      | run_daily_monitoring started — run='daily_flood_monitoring', issue_date=2026-09-08, basins=2, steps=[extract=True, forecast=True, save=True], log=logs/2026/09/daily_flood_monitoring_20260908T183354.txt
Sep 08 18:33:54 cenvi510-storage river-flood-process[47482]: 2026-09-08 18:33:54 | INFO     | extract    | extract:31                   | Processing basin 'cagayan'
Sep 08 18:33:54 cenvi510-storage river-flood-process[47482]: 2026-09-08 18:33:54 | INFO     | extract    | _resolve_forecast_path:109   | Checking forecast file: /var/cache/glofas/glofas_areagrid_for_Phillippines_in_Phillippines_2026090800.nc
Sep 08 18:33:54 cenvi510-storage river-flood-process[47482]: 2026-09-08 18:33:54 | INFO     | extract    | _resolve_forecast_path:111   | Forecast file found: /var/cache/glofas/glofas_areagrid_for_Phillippines_in_Phillippines_2026090800.nc
Sep 08 18:33:54 cenvi510-storage river-flood-process[47482]: 2026-09-08 18:33:54 | INFO     | extract    | _load_oep_thresholds:130     | Loading OEP thresholds from config/risk_profiles/cagayan_oep_curves_all_units.json (oep_min=100)
Sep 08 18:33:54 cenvi510-storage river-flood-process[47482]: 2026-09-08 18:33:54 | INFO     | extract    | _load_oep_thresholds:168     | OEP thresholds loaded: 337 units with valid thresholds (from 338 total, oep_min=100)
Sep 08 18:33:54 cenvi510-storage river-flood-process[47482]: 2026-09-08 18:33:54 | INFO     | extract    | _filter_units_by_target_adm2:243 | Target ADM2 filtering complete for basin 'cagayan': 337 -> 25 units (targets=1)
Sep 08 18:33:54 cenvi510-storage river-flood-process[47482]: 2026-09-08 18:33:54 | INFO     | forecast   | forecast:59                  | Starting evaluation — basin='cagayan', issue_date=2026-09-08
Sep 08 18:33:54 cenvi510-storage river-flood-process[47482]: 2026-09-08 18:33:54 | INFO     | forecast   | detect_flood_events:1318     | Detect phase (detect_flood_events) — basin='cagayan', issue_date=2026-09-08, leads=[1, 2, 3, 4, 5], t0_years=2.0, a_min_km2=100
Sep 08 18:33:54 cenvi510-storage river-flood-process[47482]: 2026-09-08 18:33:54 | INFO     | forecast   | detect_flood_events:1357     | EVT1 params loaded: 1024 cells for basin 'cagayan'
Sep 08 18:34:00 cenvi510-storage river-flood-process[47482]: /opt/river-flood-workflow/.venv/lib/python3.11/site-packages/xarray/backends/plugins.py:109: RuntimeWarning: Engine 'cfgrib' loading failed:
Sep 08 18:34:00 cenvi510-storage river-flood-process[47482]: Cannot find the ecCodes library
Sep 08 18:34:00 cenvi510-storage river-flood-process[47482]:   external_backend_entrypoints = backends_dict_from_pkg(entrypoints_unique)
Sep 08 18:34:01 cenvi510-storage river-flood-process[47482]: 2026-09-08 18:34:01 | INFO     | forecast   | _open_forecast_source:891    | Forecast source opened: 1 files, time_dim='time', member_dim='member', indexed_members=51
Sep 08 18:34:02 cenvi510-storage river-flood-process[47482]: 2026-09-08 18:34:02 | INFO     | forecast   | detect_flood_events:1455     | Lead  1d: 0/51 flood members, 0 qualifying patches
Sep 08 18:34:03 cenvi510-storage river-flood-process[47482]: 2026-09-08 18:34:03 | INFO     | forecast   | detect_flood_events:1455     | Lead  2d: 3/51 flood members, 4 qualifying patches
Sep 08 18:34:35 cenvi510-storage river-flood-process[47482]: 2026-09-08 18:34:35 | INFO     | forecast   | _compute_impacts_from_event_patches:590 | Computed impacts from 12/12 event patches: 3 members, 1 lead days, 7 units
Sep 08 18:34:37 cenvi510-storage river-flood-process[47482]: 2026-09-08 18:34:37 | INFO     | forecast   | detect_flood_events:1455     | Lead  3d: 11/51 flood members, 16 qualifying patches
Sep 08 18:36:31 cenvi510-storage river-flood-process[47482]: 2026-09-08 18:36:31 | INFO     | forecast   | _compute_impacts_from_event_patches:590 | Computed impacts from 48/48 event patches: 9 members, 1 lead days, 24 units
Sep 08 18:36:34 cenvi510-storage river-flood-process[47482]: 2026-09-08 18:36:34 | INFO     | forecast   | detect_flood_events:1455     | Lead  4d: 12/51 flood members, 23 qualifying patches
Sep 08 18:39:26 cenvi510-storage river-flood-process[47482]: 2026-09-08 18:39:26 | INFO     | forecast   | _compute_impacts_from_event_patches:590 | Computed impacts from 76/76 event patches: 10 members, 1 lead days, 26 units
Sep 08 18:39:29 cenvi510-storage river-flood-process[47482]: 2026-09-08 18:39:29 | INFO     | forecast   | detect_flood_events:1455     | Lead  5d: 12/51 flood members, 26 qualifying patches
Sep 08 18:42:43 cenvi510-storage river-flood-process[47482]: 2026-09-08 18:42:43 | INFO     | forecast   | _compute_impacts_from_event_patches:590 | Computed impacts from 84/84 event patches: 10 members, 1 lead days, 26 units
Sep 08 18:42:44 cenvi510-storage river-flood-process[47482]: 2026-09-08 18:42:44 | INFO     | forecast   | detect_flood_events:1537     | Detect phase complete — 339 units, 5 lead days, 51 members
Sep 08 18:42:44 cenvi510-storage river-flood-process[47482]: 2026-09-08 18:42:44 | INFO     | forecast   | forecast:77                  | Detection mode complete — impact cube has 339 units
Sep 08 18:42:44 cenvi510-storage river-flood-process[47482]: 2026-09-08 18:42:44 | INFO     | forecast   | _aggregate_adm3_impacts_to_adm2:181 | ADM2 aggregation complete: 24 ADM3 units rolled up into parent ADM2 impact totals
Sep 08 18:42:44 cenvi510-storage river-flood-process[47482]: 2026-09-08 18:42:44 | INFO     | forecast   | _compute_prob_exceed:1562    | Computing exceedance probabilities: 339 cube units, 51 ensemble members
Sep 08 18:42:44 cenvi510-storage river-flood-process[47482]: 2026-09-08 18:42:44 | INFO     | forecast   | _compute_prob_exceed:1581    | Exceedance probabilities computed for 25 qualifying units
Sep 08 18:42:44 cenvi510-storage river-flood-process[47482]: 2026-09-08 18:42:44 | INFO     | forecast   | _apply_tier_rules:210        | Applying 3 tier rules to 25 units (persist_days=2, min_lead=1)
Sep 08 18:42:44 cenvi510-storage river-flood-process[47482]: 2026-09-08 18:42:44 | INFO     | forecast   | _apply_tier_rules:305        | Tier evaluation complete: 25 units, 0 tier decisions fired, 1 units below oep_min=100
Sep 08 18:42:44 cenvi510-storage river-flood-process[47482]: 2026-09-08 18:42:44 | INFO     | forecast   | forecast:96                  | Evaluation complete — basin='cagayan', 25 units evaluated
Sep 08 18:42:44 cenvi510-storage river-flood-process[47482]: 2026-09-08 18:42:44 | INFO     | extract    | extract:31                   | Processing basin 'bicol'
Sep 08 18:42:44 cenvi510-storage river-flood-process[47482]: 2026-09-08 18:42:44 | INFO     | extract    | _resolve_forecast_path:109   | Checking forecast file: /var/cache/glofas/glofas_areagrid_for_Phillippines_in_Phillippines_2026090800.nc
Sep 08 18:42:44 cenvi510-storage river-flood-process[47482]: 2026-09-08 18:42:44 | INFO     | extract    | _resolve_forecast_path:111   | Forecast file found: /var/cache/glofas/glofas_areagrid_for_Phillippines_in_Phillippines_2026090800.nc
Sep 08 18:42:44 cenvi510-storage river-flood-process[47482]: 2026-09-08 18:42:44 | INFO     | extract    | _load_oep_thresholds:130     | Loading OEP thresholds from config/risk_profiles/bicol_oep_curves_all_units.json (oep_min=100)
Sep 08 18:42:44 cenvi510-storage river-flood-process[47482]: 2026-09-08 18:42:44 | INFO     | extract    | _load_oep_thresholds:168     | OEP thresholds loaded: 138 units with valid thresholds (from 139 total, oep_min=100)
Sep 08 18:42:44 cenvi510-storage river-flood-process[47482]: 2026-09-08 18:42:44 | INFO     | extract    | _filter_units_by_target_adm2:243 | Target ADM2 filtering complete for basin 'bicol': 138 -> 35 units (targets=1)
Sep 08 18:42:44 cenvi510-storage river-flood-process[47482]: 2026-09-08 18:42:44 | INFO     | forecast   | forecast:59                  | Starting evaluation — basin='bicol', issue_date=2026-09-08
Sep 08 18:42:44 cenvi510-storage river-flood-process[47482]: 2026-09-08 18:42:44 | INFO     | forecast   | detect_flood_events:1318     | Detect phase (detect_flood_events) — basin='bicol', issue_date=2026-09-08, leads=[1, 2, 3, 4, 5], t0_years=2.0, a_min_km2=100
Sep 08 18:42:44 cenvi510-storage river-flood-process[47482]: 2026-09-08 18:42:44 | INFO     | forecast   | detect_flood_events:1357     | EVT1 params loaded: 137 cells for basin 'bicol'
Sep 08 18:42:50 cenvi510-storage river-flood-process[47482]: 2026-09-08 18:42:50 | INFO     | forecast   | _open_forecast_source:891    | Forecast source opened: 1 files, time_dim='time', member_dim='member', indexed_members=51
Sep 08 18:42:50 cenvi510-storage river-flood-process[47482]: 2026-09-08 18:42:50 | INFO     | forecast   | detect_flood_events:1455     | Lead  1d: 0/51 flood members, 0 qualifying patches
Sep 08 18:42:52 cenvi510-storage river-flood-process[47482]: 2026-09-08 18:42:52 | INFO     | forecast   | detect_flood_events:1455     | Lead  2d: 0/51 flood members, 0 qualifying patches
Sep 08 18:42:54 cenvi510-storage river-flood-process[47482]: 2026-09-08 18:42:54 | INFO     | forecast   | detect_flood_events:1455     | Lead  3d: 1/51 flood members, 1 qualifying patches
Sep 08 18:43:00 cenvi510-storage river-flood-process[47482]: 2026-09-08 18:43:00 | INFO     | forecast   | _compute_impacts_from_event_patches:590 | Computed impacts from 4/4 event patches: 1 members, 1 lead days, 3 units
Sep 08 18:43:02 cenvi510-storage river-flood-process[47482]: 2026-09-08 18:43:02 | INFO     | forecast   | detect_flood_events:1455     | Lead  4d: 2/51 flood members, 3 qualifying patches
Sep 08 18:43:22 cenvi510-storage river-flood-process[47482]: 2026-09-08 18:43:22 | INFO     | forecast   | _compute_impacts_from_event_patches:590 | Computed impacts from 12/12 event patches: 2 members, 1 lead days, 22 units
Sep 08 18:43:25 cenvi510-storage river-flood-process[47482]: 2026-09-08 18:43:25 | INFO     | forecast   | detect_flood_events:1455     | Lead  5d: 2/51 flood members, 4 qualifying patches
Sep 08 18:43:51 cenvi510-storage river-flood-process[47482]: 2026-09-08 18:43:51 | INFO     | forecast   | _compute_impacts_from_event_patches:590 | Computed impacts from 16/16 event patches: 2 members, 1 lead days, 22 units
Sep 08 18:43:51 cenvi510-storage river-flood-process[47482]: 2026-09-08 18:43:51 | INFO     | forecast   | detect_flood_events:1537     | Detect phase complete — 139 units, 5 lead days, 51 members
Sep 08 18:43:51 cenvi510-storage river-flood-process[47482]: 2026-09-08 18:43:51 | INFO     | forecast   | forecast:77                  | Detection mode complete — impact cube has 139 units
Sep 08 18:43:51 cenvi510-storage river-flood-process[47482]: 2026-09-08 18:43:51 | INFO     | forecast   | _aggregate_adm3_impacts_to_adm2:181 | ADM2 aggregation complete: 34 ADM3 units rolled up into parent ADM2 impact totals
Sep 08 18:43:51 cenvi510-storage river-flood-process[47482]: 2026-09-08 18:43:51 | INFO     | forecast   | _compute_prob_exceed:1562    | Computing exceedance probabilities: 139 cube units, 51 ensemble members
Sep 08 18:43:51 cenvi510-storage river-flood-process[47482]: 2026-09-08 18:43:51 | INFO     | forecast   | _compute_prob_exceed:1581    | Exceedance probabilities computed for 35 qualifying units
Sep 08 18:43:51 cenvi510-storage river-flood-process[47482]: 2026-09-08 18:43:51 | INFO     | forecast   | _apply_tier_rules:210        | Applying 3 tier rules to 35 units (persist_days=2, min_lead=1)
Sep 08 18:43:51 cenvi510-storage river-flood-process[47482]: 2026-09-08 18:43:51 | INFO     | forecast   | _apply_tier_rules:305        | Tier evaluation complete: 35 units, 0 tier decisions fired, 35 units below oep_min=100
Sep 08 18:43:51 cenvi510-storage river-flood-process[47482]: 2026-09-08 18:43:51 | INFO     | forecast   | forecast:96                  | Evaluation complete — basin='bicol', 35 units evaluated
Sep 08 18:43:51 cenvi510-storage river-flood-process[47482]: 2026-09-08 18:43:51 | INFO     | save       | save:37                      | Writing output: 2 basins, format=csv, dir=data/gold/trigger_decisions/2026-09-08
Sep 08 18:43:51 cenvi510-storage river-flood-process[47482]: 2026-09-08 18:43:51 | INFO     | save       | _save_activation_decisions:222 | Activation file written: data/gold/trigger_decisions/2026-09-08/activation_2026-09-08_20260908T104351Z.csv
Sep 08 18:43:51 cenvi510-storage river-flood-process[47482]: 2026-09-08 18:43:51 | INFO     | save       | _save_operational_information:235 | Operational information file written: data/gold/trigger_decisions/2026-09-08/operational_information_2026-09-08_20260908T104351Z.csv
Sep 08 18:43:51 cenvi510-storage river-flood-process[47482]: 2026-09-08 18:43:51 | INFO     | save       | save:79                      | No activated tiers found; skipping decision summary file
Sep 08 18:43:51 cenvi510-storage river-flood-process[47482]: 2026-09-08 18:43:51 | INFO     | save       | _prepare_trigger_decisions_for_plotting:282 | Skipping map plotting: no activated rows in CSV
Sep 08 18:43:51 cenvi510-storage river-flood-process[47482]: 2026-09-08 18:43:51 | INFO     | save       | _save_maps:545               | Map files saved: 0 map(s) written to data/gold/trigger_decisions/2026-09-08/maps
Sep 08 18:43:51 cenvi510-storage river-flood-process[47482]: 2026-09-08 18:43:51 | INFO     | pipeline   | run_daily_monitoring:127     | run_daily_monitoring complete — 2 basins, 0 tier fires, activation=data/gold/trigger_decisions/2026-09-08/activation_2026-09-08_20260908T104351Z.csv, operational_information=data/gold/trigger_decisions/2026-09-08/operational_information_2026-09-08_20260908T104351Z.csv
Sep 08 18:43:51 cenvi510-storage river-flood-process[47482]: 2026-09-08 18:43:51 | INFO     | cli        | main:80                      | Daily ETL complete: 2 basins, 60 units, 0 fired tier decisions. Output: data/gold/trigger_decisions/2026-09-08/operational_information_2026-09-08_20260908T104351Z.csv
Sep 08 18:43:51 cenvi510-storage river-flood-process[47475]: No alert requested.
Sep 08 18:43:51 cenvi510-storage systemd[1]: river-flood-process.service: Deactivated successfully.
Sep 08 18:43:51 cenvi510-storage systemd[1]: Finished river-flood-process.service - Process GloFAS data for river flood workflow.
Sep 08 18:43:51 cenvi510-storage systemd[1]: river-flood-process.service: Consumed 9min 58.169s CPU time.
Sep 09 18:30:07 cenvi510-storage systemd[1]: Starting glofas-fetch.service - Fetch GloFAS via lftp...
Sep 09 18:39:15 cenvi510-storage glofas-fetch[55895]: 86639373 bytes transferred in 544 seconds (155.7 KiB/s)
Sep 09 18:39:15 cenvi510-storage systemd[1]: glofas-fetch.service: Deactivated successfully.
Sep 09 18:39:15 cenvi510-storage systemd[1]: Finished glofas-fetch.service - Fetch GloFAS via lftp.
Sep 09 18:39:15 cenvi510-storage systemd[1]: glofas-fetch.service: Consumed 2.322s CPU time.
Sep 09 18:39:15 cenvi510-storage systemd[1]: Starting river-flood-process.service - Process GloFAS data for river flood workflow...
Sep 09 18:39:16 cenvi510-storage river-flood-process[55958]: 2026-09-09 18:39:16 | INFO     | pipeline   | run_daily_monitoring:60      | run_daily_monitoring started — run='daily_flood_monitoring', issue_date=2026-09-09, basins=2, steps=[extract=True, forecast=True, save=True], log=logs/2026/09/daily_flood_monitoring_20260909T183916.txt
Sep 09 18:39:16 cenvi510-storage river-flood-process[55958]: 2026-09-09 18:39:16 | INFO     | extract    | extract:31                   | Processing basin 'cagayan'
Sep 09 18:39:16 cenvi510-storage river-flood-process[55958]: 2026-09-09 18:39:16 | INFO     | extract    | _resolve_forecast_path:109   | Checking forecast file: /var/cache/glofas/glofas_areagrid_for_Phillippines_in_Phillippines_2026090900.nc
Sep 09 18:39:16 cenvi510-storage river-flood-process[55958]: 2026-09-09 18:39:16 | INFO     | extract    | _resolve_forecast_path:111   | Forecast file found: /var/cache/glofas/glofas_areagrid_for_Phillippines_in_Phillippines_2026090900.nc
Sep 09 18:39:16 cenvi510-storage river-flood-process[55958]: 2026-09-09 18:39:16 | INFO     | extract    | _load_oep_thresholds:130     | Loading OEP thresholds from config/risk_profiles/cagayan_oep_curves_all_units.json (oep_min=100)
Sep 09 18:39:16 cenvi510-storage river-flood-process[55958]: 2026-09-09 18:39:16 | INFO     | extract    | _load_oep_thresholds:168     | OEP thresholds loaded: 337 units with valid thresholds (from 338 total, oep_min=100)
Sep 09 18:39:16 cenvi510-storage river-flood-process[55958]: 2026-09-09 18:39:16 | INFO     | extract    | _filter_units_by_target_adm2:243 | Target ADM2 filtering complete for basin 'cagayan': 337 -> 25 units (targets=1)
Sep 09 18:39:16 cenvi510-storage river-flood-process[55958]: 2026-09-09 18:39:16 | INFO     | forecast   | forecast:59                  | Starting evaluation — basin='cagayan', issue_date=2026-09-09
Sep 09 18:39:16 cenvi510-storage river-flood-process[55958]: 2026-09-09 18:39:16 | INFO     | forecast   | detect_flood_events:1318     | Detect phase (detect_flood_events) — basin='cagayan', issue_date=2026-09-09, leads=[1, 2, 3, 4, 5], t0_years=2.0, a_min_km2=100
Sep 09 18:39:16 cenvi510-storage river-flood-process[55958]: 2026-09-09 18:39:16 | INFO     | forecast   | detect_flood_events:1357     | EVT1 params loaded: 1024 cells for basin 'cagayan'
Sep 09 18:39:22 cenvi510-storage river-flood-process[55958]: /opt/river-flood-workflow/.venv/lib/python3.11/site-packages/xarray/backends/plugins.py:109: RuntimeWarning: Engine 'cfgrib' loading failed:
Sep 09 18:39:22 cenvi510-storage river-flood-process[55958]: Cannot find the ecCodes library
Sep 09 18:39:22 cenvi510-storage river-flood-process[55958]:   external_backend_entrypoints = backends_dict_from_pkg(entrypoints_unique)
Sep 09 18:39:23 cenvi510-storage river-flood-process[55958]: 2026-09-09 18:39:23 | INFO     | forecast   | _open_forecast_source:891    | Forecast source opened: 1 files, time_dim='time', member_dim='member', indexed_members=51
Sep 09 18:39:24 cenvi510-storage river-flood-process[55958]: 2026-09-09 18:39:24 | INFO     | forecast   | detect_flood_events:1455     | Lead  1d: 2/51 flood members, 2 qualifying patches
Sep 09 18:39:44 cenvi510-storage river-flood-process[55958]: 2026-09-09 18:39:44 | INFO     | forecast   | _compute_impacts_from_event_patches:590 | Computed impacts from 8/8 event patches: 2 members, 1 lead days, 5 units
Sep 09 18:39:45 cenvi510-storage river-flood-process[55958]: 2026-09-09 18:39:45 | INFO     | forecast   | detect_flood_events:1455     | Lead  2d: 6/51 flood members, 8 qualifying patches
Sep 09 18:40:41 cenvi510-storage river-flood-process[55958]: 2026-09-09 18:40:41 | INFO     | forecast   | _compute_impacts_from_event_patches:590 | Computed impacts from 24/24 event patches: 4 members, 1 lead days, 26 units
Sep 09 18:40:43 cenvi510-storage river-flood-process[55958]: 2026-09-09 18:40:43 | INFO     | forecast   | detect_flood_events:1455     | Lead  3d: 7/51 flood members, 13 qualifying patches
Sep 09 18:42:22 cenvi510-storage river-flood-process[55958]: 2026-09-09 18:42:22 | INFO     | forecast   | _compute_impacts_from_event_patches:590 | Computed impacts from 44/44 event patches: 6 members, 1 lead days, 33 units
Sep 09 18:42:24 cenvi510-storage river-flood-process[55958]: 2026-09-09 18:42:24 | INFO     | forecast   | detect_flood_events:1455     | Lead  4d: 8/51 flood members, 15 qualifying patches
Sep 09 18:44:13 cenvi510-storage river-flood-process[55958]: 2026-09-09 18:44:13 | INFO     | forecast   | _compute_impacts_from_event_patches:590 | Computed impacts from 48/48 event patches: 6 members, 1 lead days, 33 units
Sep 09 18:44:16 cenvi510-storage river-flood-process[55958]: 2026-09-09 18:44:16 | INFO     | forecast   | detect_flood_events:1455     | Lead  5d: 8/51 flood members, 15 qualifying patches
Sep 09 18:46:06 cenvi510-storage river-flood-process[55958]: 2026-09-09 18:46:06 | INFO     | forecast   | _compute_impacts_from_event_patches:590 | Computed impacts from 48/48 event patches: 6 members, 1 lead days, 33 units
Sep 09 18:46:07 cenvi510-storage river-flood-process[55958]: 2026-09-09 18:46:07 | INFO     | forecast   | detect_flood_events:1537     | Detect phase complete — 340 units, 5 lead days, 51 members
Sep 09 18:46:07 cenvi510-storage river-flood-process[55958]: 2026-09-09 18:46:07 | INFO     | forecast   | forecast:77                  | Detection mode complete — impact cube has 340 units
Sep 09 18:46:07 cenvi510-storage river-flood-process[55958]: 2026-09-09 18:46:07 | INFO     | forecast   | _aggregate_adm3_impacts_to_adm2:181 | ADM2 aggregation complete: 24 ADM3 units rolled up into parent ADM2 impact totals
Sep 09 18:46:07 cenvi510-storage river-flood-process[55958]: 2026-09-09 18:46:07 | INFO     | forecast   | _compute_prob_exceed:1562    | Computing exceedance probabilities: 340 cube units, 51 ensemble members
Sep 09 18:46:07 cenvi510-storage river-flood-process[55958]: 2026-09-09 18:46:07 | INFO     | forecast   | _compute_prob_exceed:1581    | Exceedance probabilities computed for 25 qualifying units
Sep 09 18:46:07 cenvi510-storage river-flood-process[55958]: 2026-09-09 18:46:07 | INFO     | forecast   | _apply_tier_rules:210        | Applying 3 tier rules to 25 units (persist_days=2, min_lead=1)
Sep 09 18:46:07 cenvi510-storage river-flood-process[55958]: 2026-09-09 18:46:07 | INFO     | forecast   | _apply_tier_rules:305        | Tier evaluation complete: 25 units, 0 tier decisions fired, 1 units below oep_min=100
Sep 09 18:46:07 cenvi510-storage river-flood-process[55958]: 2026-09-09 18:46:07 | INFO     | forecast   | forecast:96                  | Evaluation complete — basin='cagayan', 25 units evaluated
Sep 09 18:46:07 cenvi510-storage river-flood-process[55958]: 2026-09-09 18:46:07 | INFO     | extract    | extract:31                   | Processing basin 'bicol'
Sep 09 18:46:07 cenvi510-storage river-flood-process[55958]: 2026-09-09 18:46:07 | INFO     | extract    | _resolve_forecast_path:109   | Checking forecast file: /var/cache/glofas/glofas_areagrid_for_Phillippines_in_Phillippines_2026090900.nc
Sep 09 18:46:07 cenvi510-storage river-flood-process[55958]: 2026-09-09 18:46:07 | INFO     | extract    | _resolve_forecast_path:111   | Forecast file found: /var/cache/glofas/glofas_areagrid_for_Phillippines_in_Phillippines_2026090900.nc
Sep 09 18:46:07 cenvi510-storage river-flood-process[55958]: 2026-09-09 18:46:07 | INFO     | extract    | _load_oep_thresholds:130     | Loading OEP thresholds from config/risk_profiles/bicol_oep_curves_all_units.json (oep_min=100)
Sep 09 18:46:07 cenvi510-storage river-flood-process[55958]: 2026-09-09 18:46:07 | INFO     | extract    | _load_oep_thresholds:168     | OEP thresholds loaded: 138 units with valid thresholds (from 139 total, oep_min=100)
Sep 09 18:46:07 cenvi510-storage river-flood-process[55958]: 2026-09-09 18:46:07 | INFO     | extract    | _filter_units_by_target_adm2:243 | Target ADM2 filtering complete for basin 'bicol': 138 -> 35 units (targets=1)
Sep 09 18:46:07 cenvi510-storage river-flood-process[55958]: 2026-09-09 18:46:07 | INFO     | forecast   | forecast:59                  | Starting evaluation — basin='bicol', issue_date=2026-09-09
Sep 09 18:46:07 cenvi510-storage river-flood-process[55958]: 2026-09-09 18:46:07 | INFO     | forecast   | detect_flood_events:1318     | Detect phase (detect_flood_events) — basin='bicol', issue_date=2026-09-09, leads=[1, 2, 3, 4, 5], t0_years=2.0, a_min_km2=100
Sep 09 18:46:07 cenvi510-storage river-flood-process[55958]: 2026-09-09 18:46:07 | INFO     | forecast   | detect_flood_events:1357     | EVT1 params loaded: 137 cells for basin 'bicol'
Sep 09 18:46:12 cenvi510-storage river-flood-process[55958]: 2026-09-09 18:46:12 | INFO     | forecast   | _open_forecast_source:891    | Forecast source opened: 1 files, time_dim='time', member_dim='member', indexed_members=51
Sep 09 18:46:13 cenvi510-storage river-flood-process[55958]: 2026-09-09 18:46:13 | INFO     | forecast   | detect_flood_events:1455     | Lead  1d: 0/51 flood members, 0 qualifying patches
Sep 09 18:46:14 cenvi510-storage river-flood-process[55958]: 2026-09-09 18:46:14 | INFO     | forecast   | detect_flood_events:1455     | Lead  2d: 0/51 flood members, 0 qualifying patches
Sep 09 18:46:16 cenvi510-storage river-flood-process[55958]: 2026-09-09 18:46:16 | INFO     | forecast   | detect_flood_events:1455     | Lead  3d: 0/51 flood members, 0 qualifying patches
Sep 09 18:46:19 cenvi510-storage river-flood-process[55958]: 2026-09-09 18:46:19 | INFO     | forecast   | detect_flood_events:1455     | Lead  4d: 0/51 flood members, 0 qualifying patches
Sep 09 18:46:22 cenvi510-storage river-flood-process[55958]: 2026-09-09 18:46:22 | INFO     | forecast   | detect_flood_events:1455     | Lead  5d: 0/51 flood members, 0 qualifying patches
Sep 09 18:46:22 cenvi510-storage river-flood-process[55958]: 2026-09-09 18:46:22 | INFO     | forecast   | detect_flood_events:1537     | Detect phase complete — 138 units, 5 lead days, 51 members
Sep 09 18:46:22 cenvi510-storage river-flood-process[55958]: 2026-09-09 18:46:22 | INFO     | forecast   | forecast:77                  | Detection mode complete — impact cube has 138 units
Sep 09 18:46:22 cenvi510-storage river-flood-process[55958]: 2026-09-09 18:46:22 | INFO     | forecast   | _aggregate_adm3_impacts_to_adm2:181 | ADM2 aggregation complete: 34 ADM3 units rolled up into parent ADM2 impact totals
Sep 09 18:46:22 cenvi510-storage river-flood-process[55958]: 2026-09-09 18:46:22 | INFO     | forecast   | _compute_prob_exceed:1562    | Computing exceedance probabilities: 138 cube units, 51 ensemble members
Sep 09 18:46:22 cenvi510-storage river-flood-process[55958]: 2026-09-09 18:46:22 | INFO     | forecast   | _compute_prob_exceed:1581    | Exceedance probabilities computed for 35 qualifying units
Sep 09 18:46:22 cenvi510-storage river-flood-process[55958]: 2026-09-09 18:46:22 | INFO     | forecast   | _apply_tier_rules:210        | Applying 3 tier rules to 35 units (persist_days=2, min_lead=1)
Sep 09 18:46:22 cenvi510-storage river-flood-process[55958]: 2026-09-09 18:46:22 | INFO     | forecast   | _apply_tier_rules:305        | Tier evaluation complete: 35 units, 0 tier decisions fired, 35 units below oep_min=100
Sep 09 18:46:22 cenvi510-storage river-flood-process[55958]: 2026-09-09 18:46:22 | INFO     | forecast   | forecast:96                  | Evaluation complete — basin='bicol', 35 units evaluated
Sep 09 18:46:22 cenvi510-storage river-flood-process[55958]: 2026-09-09 18:46:22 | INFO     | save       | save:37                      | Writing output: 2 basins, format=csv, dir=data/gold/trigger_decisions/2026-09-09
Sep 09 18:46:22 cenvi510-storage river-flood-process[55958]: 2026-09-09 18:46:22 | INFO     | save       | _save_activation_decisions:222 | Activation file written: data/gold/trigger_decisions/2026-09-09/activation_2026-09-09_20260909T104622Z.csv
Sep 09 18:46:22 cenvi510-storage river-flood-process[55958]: 2026-09-09 18:46:22 | INFO     | save       | _save_operational_information:235 | Operational information file written: data/gold/trigger_decisions/2026-09-09/operational_information_2026-09-09_20260909T104622Z.csv
Sep 09 18:46:22 cenvi510-storage river-flood-process[55958]: 2026-09-09 18:46:22 | INFO     | save       | save:79                      | No activated tiers found; skipping decision summary file
Sep 09 18:46:22 cenvi510-storage river-flood-process[55958]: 2026-09-09 18:46:22 | INFO     | save       | _prepare_trigger_decisions_for_plotting:282 | Skipping map plotting: no activated rows in CSV
Sep 09 18:46:22 cenvi510-storage river-flood-process[55958]: 2026-09-09 18:46:22 | INFO     | save       | _save_maps:545               | Map files saved: 0 map(s) written to data/gold/trigger_decisions/2026-09-09/maps
Sep 09 18:46:22 cenvi510-storage river-flood-process[55958]: 2026-09-09 18:46:22 | INFO     | pipeline   | run_daily_monitoring:127     | run_daily_monitoring complete — 2 basins, 0 tier fires, activation=data/gold/trigger_decisions/2026-09-09/activation_2026-09-09_20260909T104622Z.csv, operational_information=data/gold/trigger_decisions/2026-09-09/operational_information_2026-09-09_20260909T104622Z.csv
Sep 09 18:46:22 cenvi510-storage river-flood-process[55958]: 2026-09-09 18:46:22 | INFO     | cli        | main:80                      | Daily ETL complete: 2 basins, 60 units, 0 fired tier decisions. Output: data/gold/trigger_decisions/2026-09-09/operational_information_2026-09-09_20260909T104622Z.csv
Sep 09 18:46:22 cenvi510-storage river-flood-process[55951]: No alert requested.
Sep 09 18:46:22 cenvi510-storage systemd[1]: river-flood-process.service: Deactivated successfully.
Sep 09 18:46:22 cenvi510-storage systemd[1]: Finished river-flood-process.service - Process GloFAS data for river flood workflow.
Sep 09 18:46:22 cenvi510-storage systemd[1]: river-flood-process.service: Consumed 7min 7.579s CPU time.
Sep 10 18:30:16 cenvi510-storage systemd[1]: Starting glofas-fetch.service - Fetch GloFAS via lftp...
Sep 10 18:33:47 cenvi510-storage glofas-fetch[64615]: 86598662 bytes transferred in 206 seconds (411.4 KiB/s)
Sep 10 18:33:47 cenvi510-storage systemd[1]: glofas-fetch.service: Deactivated successfully.
Sep 10 18:33:47 cenvi510-storage systemd[1]: Finished glofas-fetch.service - Fetch GloFAS via lftp.
Sep 10 18:33:47 cenvi510-storage systemd[1]: glofas-fetch.service: Consumed 1.299s CPU time.
Sep 10 18:33:47 cenvi510-storage systemd[1]: Starting river-flood-process.service - Process GloFAS data for river flood workflow...
Sep 10 18:33:47 cenvi510-storage river-flood-process[64647]: 2026-09-10 18:33:47 | INFO     | pipeline   | run_daily_monitoring:60      | run_daily_monitoring started — run='daily_flood_monitoring', issue_date=2026-09-10, basins=2, steps=[extract=True, forecast=True, save=True], log=logs/2026/09/daily_flood_monitoring_20260910T183347.txt
Sep 10 18:33:47 cenvi510-storage river-flood-process[64647]: 2026-09-10 18:33:47 | INFO     | extract    | extract:31                   | Processing basin 'cagayan'
Sep 10 18:33:47 cenvi510-storage river-flood-process[64647]: 2026-09-10 18:33:47 | INFO     | extract    | _resolve_forecast_path:109   | Checking forecast file: /var/cache/glofas/glofas_areagrid_for_Phillippines_in_Phillippines_2026091000.nc
Sep 10 18:33:47 cenvi510-storage river-flood-process[64647]: 2026-09-10 18:33:47 | INFO     | extract    | _resolve_forecast_path:111   | Forecast file found: /var/cache/glofas/glofas_areagrid_for_Phillippines_in_Phillippines_2026091000.nc
Sep 10 18:33:47 cenvi510-storage river-flood-process[64647]: 2026-09-10 18:33:47 | INFO     | extract    | _load_oep_thresholds:130     | Loading OEP thresholds from config/risk_profiles/cagayan_oep_curves_all_units.json (oep_min=100)
Sep 10 18:33:47 cenvi510-storage river-flood-process[64647]: 2026-09-10 18:33:47 | INFO     | extract    | _load_oep_thresholds:168     | OEP thresholds loaded: 337 units with valid thresholds (from 338 total, oep_min=100)
Sep 10 18:33:48 cenvi510-storage river-flood-process[64647]: 2026-09-10 18:33:48 | INFO     | extract    | _filter_units_by_target_adm2:243 | Target ADM2 filtering complete for basin 'cagayan': 337 -> 25 units (targets=1)
Sep 10 18:33:48 cenvi510-storage river-flood-process[64647]: 2026-09-10 18:33:48 | INFO     | forecast   | forecast:59                  | Starting evaluation — basin='cagayan', issue_date=2026-09-10
Sep 10 18:33:48 cenvi510-storage river-flood-process[64647]: 2026-09-10 18:33:48 | INFO     | forecast   | detect_flood_events:1318     | Detect phase (detect_flood_events) — basin='cagayan', issue_date=2026-09-10, leads=[1, 2, 3, 4, 5], t0_years=2.0, a_min_km2=100
Sep 10 18:33:48 cenvi510-storage river-flood-process[64647]: 2026-09-10 18:33:48 | INFO     | forecast   | detect_flood_events:1357     | EVT1 params loaded: 1024 cells for basin 'cagayan'
Sep 10 18:33:54 cenvi510-storage river-flood-process[64647]: /opt/river-flood-workflow/.venv/lib/python3.11/site-packages/xarray/backends/plugins.py:109: RuntimeWarning: Engine 'cfgrib' loading failed:
Sep 10 18:33:54 cenvi510-storage river-flood-process[64647]: Cannot find the ecCodes library
Sep 10 18:33:54 cenvi510-storage river-flood-process[64647]:   external_backend_entrypoints = backends_dict_from_pkg(entrypoints_unique)
Sep 10 18:33:54 cenvi510-storage river-flood-process[64647]: 2026-09-10 18:33:54 | INFO     | forecast   | _open_forecast_source:891    | Forecast source opened: 1 files, time_dim='time', member_dim='member', indexed_members=51
Sep 10 18:33:55 cenvi510-storage river-flood-process[64647]: 2026-09-10 18:33:55 | INFO     | forecast   | detect_flood_events:1455     | Lead  1d: 0/51 flood members, 0 qualifying patches
Sep 10 18:33:56 cenvi510-storage river-flood-process[64647]: 2026-09-10 18:33:56 | INFO     | forecast   | detect_flood_events:1455     | Lead  2d: 1/51 flood members, 1 qualifying patches
Sep 10 18:34:09 cenvi510-storage river-flood-process[64647]: 2026-09-10 18:34:09 | INFO     | forecast   | _compute_impacts_from_event_patches:590 | Computed impacts from 4/4 event patches: 1 members, 1 lead days, 1 units
Sep 10 18:34:10 cenvi510-storage river-flood-process[64647]: 2026-09-10 18:34:10 | INFO     | forecast   | detect_flood_events:1455     | Lead  3d: 2/51 flood members, 3 qualifying patches
Sep 10 18:34:36 cenvi510-storage river-flood-process[64647]: 2026-09-10 18:34:36 | INFO     | forecast   | _compute_impacts_from_event_patches:590 | Computed impacts from 12/12 event patches: 2 members, 1 lead days, 10 units
Sep 10 18:34:38 cenvi510-storage river-flood-process[64647]: 2026-09-10 18:34:38 | INFO     | forecast   | detect_flood_events:1455     | Lead  4d: 2/51 flood members, 5 qualifying patches
Sep 10 18:35:21 cenvi510-storage river-flood-process[64647]: 2026-09-10 18:35:21 | INFO     | forecast   | _compute_impacts_from_event_patches:590 | Computed impacts from 20/20 event patches: 2 members, 1 lead days, 33 units
Sep 10 18:35:24 cenvi510-storage river-flood-process[64647]: 2026-09-10 18:35:24 | INFO     | forecast   | detect_flood_events:1455     | Lead  5d: 2/51 flood members, 7 qualifying patches
Sep 10 18:36:24 cenvi510-storage river-flood-process[64647]: 2026-09-10 18:36:24 | INFO     | forecast   | _compute_impacts_from_event_patches:590 | Computed impacts from 28/28 event patches: 2 members, 1 lead days, 33 units
Sep 10 18:36:24 cenvi510-storage river-flood-process[64647]: 2026-09-10 18:36:24 | INFO     | forecast   | detect_flood_events:1537     | Detect phase complete — 338 units, 5 lead days, 51 members
Sep 10 18:36:24 cenvi510-storage river-flood-process[64647]: 2026-09-10 18:36:24 | INFO     | forecast   | forecast:77                  | Detection mode complete — impact cube has 338 units
Sep 10 18:36:24 cenvi510-storage river-flood-process[64647]: 2026-09-10 18:36:24 | INFO     | forecast   | _aggregate_adm3_impacts_to_adm2:181 | ADM2 aggregation complete: 24 ADM3 units rolled up into parent ADM2 impact totals
Sep 10 18:36:24 cenvi510-storage river-flood-process[64647]: 2026-09-10 18:36:24 | INFO     | forecast   | _compute_prob_exceed:1562    | Computing exceedance probabilities: 338 cube units, 51 ensemble members
Sep 10 18:36:24 cenvi510-storage river-flood-process[64647]: 2026-09-10 18:36:24 | INFO     | forecast   | _compute_prob_exceed:1581    | Exceedance probabilities computed for 25 qualifying units
Sep 10 18:36:24 cenvi510-storage river-flood-process[64647]: 2026-09-10 18:36:24 | INFO     | forecast   | _apply_tier_rules:210        | Applying 3 tier rules to 25 units (persist_days=2, min_lead=1)
Sep 10 18:36:24 cenvi510-storage river-flood-process[64647]: 2026-09-10 18:36:24 | INFO     | forecast   | _apply_tier_rules:305        | Tier evaluation complete: 25 units, 0 tier decisions fired, 1 units below oep_min=100
Sep 10 18:36:24 cenvi510-storage river-flood-process[64647]: 2026-09-10 18:36:24 | INFO     | forecast   | forecast:96                  | Evaluation complete — basin='cagayan', 25 units evaluated
Sep 10 18:36:24 cenvi510-storage river-flood-process[64647]: 2026-09-10 18:36:24 | INFO     | extract    | extract:31                   | Processing basin 'bicol'
Sep 10 18:36:24 cenvi510-storage river-flood-process[64647]: 2026-09-10 18:36:24 | INFO     | extract    | _resolve_forecast_path:109   | Checking forecast file: /var/cache/glofas/glofas_areagrid_for_Phillippines_in_Phillippines_2026091000.nc
Sep 10 18:36:24 cenvi510-storage river-flood-process[64647]: 2026-09-10 18:36:24 | INFO     | extract    | _resolve_forecast_path:111   | Forecast file found: /var/cache/glofas/glofas_areagrid_for_Phillippines_in_Phillippines_2026091000.nc
Sep 10 18:36:24 cenvi510-storage river-flood-process[64647]: 2026-09-10 18:36:24 | INFO     | extract    | _load_oep_thresholds:130     | Loading OEP thresholds from config/risk_profiles/bicol_oep_curves_all_units.json (oep_min=100)
Sep 10 18:36:24 cenvi510-storage river-flood-process[64647]: 2026-09-10 18:36:24 | INFO     | extract    | _load_oep_thresholds:168     | OEP thresholds loaded: 138 units with valid thresholds (from 139 total, oep_min=100)
Sep 10 18:36:25 cenvi510-storage river-flood-process[64647]: 2026-09-10 18:36:25 | INFO     | extract    | _filter_units_by_target_adm2:243 | Target ADM2 filtering complete for basin 'bicol': 138 -> 35 units (targets=1)
Sep 10 18:36:25 cenvi510-storage river-flood-process[64647]: 2026-09-10 18:36:25 | INFO     | forecast   | forecast:59                  | Starting evaluation — basin='bicol', issue_date=2026-09-10
Sep 10 18:36:25 cenvi510-storage river-flood-process[64647]: 2026-09-10 18:36:25 | INFO     | forecast   | detect_flood_events:1318     | Detect phase (detect_flood_events) — basin='bicol', issue_date=2026-09-10, leads=[1, 2, 3, 4, 5], t0_years=2.0, a_min_km2=100
Sep 10 18:36:25 cenvi510-storage river-flood-process[64647]: 2026-09-10 18:36:25 | INFO     | forecast   | detect_flood_events:1357     | EVT1 params loaded: 137 cells for basin 'bicol'
Sep 10 18:36:30 cenvi510-storage river-flood-process[64647]: 2026-09-10 18:36:30 | INFO     | forecast   | _open_forecast_source:891    | Forecast source opened: 1 files, time_dim='time', member_dim='member', indexed_members=51
Sep 10 18:36:31 cenvi510-storage river-flood-process[64647]: 2026-09-10 18:36:31 | INFO     | forecast   | detect_flood_events:1455     | Lead  1d: 0/51 flood members, 0 qualifying patches
Sep 10 18:36:32 cenvi510-storage river-flood-process[64647]: 2026-09-10 18:36:32 | INFO     | forecast   | detect_flood_events:1455     | Lead  2d: 0/51 flood members, 0 qualifying patches
Sep 10 18:36:34 cenvi510-storage river-flood-process[64647]: 2026-09-10 18:36:34 | INFO     | forecast   | detect_flood_events:1455     | Lead  3d: 0/51 flood members, 0 qualifying patches
Sep 10 18:36:36 cenvi510-storage river-flood-process[64647]: 2026-09-10 18:36:36 | INFO     | forecast   | detect_flood_events:1455     | Lead  4d: 0/51 flood members, 0 qualifying patches
Sep 10 18:36:39 cenvi510-storage river-flood-process[64647]: 2026-09-10 18:36:39 | INFO     | forecast   | detect_flood_events:1455     | Lead  5d: 0/51 flood members, 0 qualifying patches
Sep 10 18:36:39 cenvi510-storage river-flood-process[64647]: 2026-09-10 18:36:39 | INFO     | forecast   | detect_flood_events:1537     | Detect phase complete — 138 units, 5 lead days, 51 members
Sep 10 18:36:39 cenvi510-storage river-flood-process[64647]: 2026-09-10 18:36:39 | INFO     | forecast   | forecast:77                  | Detection mode complete — impact cube has 138 units
Sep 10 18:36:39 cenvi510-storage river-flood-process[64647]: 2026-09-10 18:36:39 | INFO     | forecast   | _aggregate_adm3_impacts_to_adm2:181 | ADM2 aggregation complete: 34 ADM3 units rolled up into parent ADM2 impact totals
Sep 10 18:36:39 cenvi510-storage river-flood-process[64647]: 2026-09-10 18:36:39 | INFO     | forecast   | _compute_prob_exceed:1562    | Computing exceedance probabilities: 138 cube units, 51 ensemble members
Sep 10 18:36:39 cenvi510-storage river-flood-process[64647]: 2026-09-10 18:36:39 | INFO     | forecast   | _compute_prob_exceed:1581    | Exceedance probabilities computed for 35 qualifying units
Sep 10 18:36:39 cenvi510-storage river-flood-process[64647]: 2026-09-10 18:36:39 | INFO     | forecast   | _apply_tier_rules:210        | Applying 3 tier rules to 35 units (persist_days=2, min_lead=1)
Sep 10 18:36:39 cenvi510-storage river-flood-process[64647]: 2026-09-10 18:36:39 | INFO     | forecast   | _apply_tier_rules:305        | Tier evaluation complete: 35 units, 0 tier decisions fired, 35 units below oep_min=100
Sep 10 18:36:39 cenvi510-storage river-flood-process[64647]: 2026-09-10 18:36:39 | INFO     | forecast   | forecast:96                  | Evaluation complete — basin='bicol', 35 units evaluated
Sep 10 18:36:39 cenvi510-storage river-flood-process[64647]: 2026-09-10 18:36:39 | INFO     | save       | save:37                      | Writing output: 2 basins, format=csv, dir=data/gold/trigger_decisions/2026-09-10
Sep 10 18:36:39 cenvi510-storage river-flood-process[64647]: 2026-09-10 18:36:39 | INFO     | save       | _save_activation_decisions:222 | Activation file written: data/gold/trigger_decisions/2026-09-10/activation_2026-09-10_20260910T103639Z.csv
Sep 10 18:36:39 cenvi510-storage river-flood-process[64647]: 2026-09-10 18:36:39 | INFO     | save       | _save_operational_information:235 | Operational information file written: data/gold/trigger_decisions/2026-09-10/operational_information_2026-09-10_20260910T103639Z.csv
Sep 10 18:36:39 cenvi510-storage river-flood-process[64647]: 2026-09-10 18:36:39 | INFO     | save       | save:79                      | No activated tiers found; skipping decision summary file
Sep 10 18:36:39 cenvi510-storage river-flood-process[64647]: 2026-09-10 18:36:39 | INFO     | save       | _prepare_trigger_decisions_for_plotting:282 | Skipping map plotting: no activated rows in CSV
Sep 10 18:36:39 cenvi510-storage river-flood-process[64647]: 2026-09-10 18:36:39 | INFO     | save       | _save_maps:545               | Map files saved: 0 map(s) written to data/gold/trigger_decisions/2026-09-10/maps
Sep 10 18:36:39 cenvi510-storage river-flood-process[64647]: 2026-09-10 18:36:39 | INFO     | pipeline   | run_daily_monitoring:127     | run_daily_monitoring complete — 2 basins, 0 tier fires, activation=data/gold/trigger_decisions/2026-09-10/activation_2026-09-10_20260910T103639Z.csv, operational_information=data/gold/trigger_decisions/2026-09-10/operational_information_2026-09-10_20260910T103639Z.csv
Sep 10 18:36:39 cenvi510-storage river-flood-process[64647]: 2026-09-10 18:36:39 | INFO     | cli        | main:80                      | Daily ETL complete: 2 basins, 60 units, 0 fired tier decisions. Output: data/gold/trigger_decisions/2026-09-10/operational_information_2026-09-10_20260910T103639Z.csv
Sep 10 18:36:40 cenvi510-storage river-flood-process[64641]: No alert requested.
Sep 10 18:36:40 cenvi510-storage systemd[1]: river-flood-process.service: Deactivated successfully.
Sep 10 18:36:40 cenvi510-storage systemd[1]: Finished river-flood-process.service - Process GloFAS data for river flood workflow.
Sep 10 18:36:40 cenvi510-storage systemd[1]: river-flood-process.service: Consumed 2min 53.565s CPU time.
-- Boot 917f19611a464c74990f64fc88abbd03 --
Sep 11 18:30:20 cenvi510-storage systemd[1]: Starting glofas-fetch.service - Fetch GloFAS via lftp...
Sep 11 18:33:43 cenvi510-storage glofas-fetch[2317]: 86603652 bytes transferred in 198 seconds (428.0 KiB/s)
Sep 11 18:33:43 cenvi510-storage systemd[1]: glofas-fetch.service: Deactivated successfully.
Sep 11 18:33:43 cenvi510-storage systemd[1]: Finished glofas-fetch.service - Fetch GloFAS via lftp.
Sep 11 18:33:43 cenvi510-storage systemd[1]: glofas-fetch.service: Consumed 1.416s CPU time.
Sep 11 18:33:43 cenvi510-storage systemd[1]: Starting river-flood-process.service - Process GloFAS data for river flood workflow...
Sep 11 18:34:15 cenvi510-storage river-flood-process[2338]: 2026-09-11 18:34:15 | INFO     | pipeline   | run_daily_monitoring:60      | run_daily_monitoring started — run='daily_flood_monitoring', issue_date=2026-09-11, basins=2, steps=[extract=True, forecast=True, save=True], log=logs/2026/09/daily_flood_monitoring_20260911T183415.txt
Sep 11 18:34:15 cenvi510-storage river-flood-process[2338]: 2026-09-11 18:34:15 | INFO     | extract    | extract:31                   | Processing basin 'cagayan'
Sep 11 18:34:15 cenvi510-storage river-flood-process[2338]: 2026-09-11 18:34:15 | INFO     | extract    | _resolve_forecast_path:109   | Checking forecast file: /var/cache/glofas/glofas_areagrid_for_Phillippines_in_Phillippines_2026091100.nc
Sep 11 18:34:15 cenvi510-storage river-flood-process[2338]: 2026-09-11 18:34:15 | INFO     | extract    | _resolve_forecast_path:111   | Forecast file found: /var/cache/glofas/glofas_areagrid_for_Phillippines_in_Phillippines_2026091100.nc
Sep 11 18:34:15 cenvi510-storage river-flood-process[2338]: 2026-09-11 18:34:15 | INFO     | extract    | _load_oep_thresholds:130     | Loading OEP thresholds from config/risk_profiles/cagayan_oep_curves_all_units.json (oep_min=100)
Sep 11 18:34:15 cenvi510-storage river-flood-process[2338]: 2026-09-11 18:34:15 | INFO     | extract    | _load_oep_thresholds:168     | OEP thresholds loaded: 337 units with valid thresholds (from 338 total, oep_min=100)
Sep 11 18:34:15 cenvi510-storage river-flood-process[2338]: 2026-09-11 18:34:15 | INFO     | extract    | _filter_units_by_target_adm2:243 | Target ADM2 filtering complete for basin 'cagayan': 337 -> 25 units (targets=1)
Sep 11 18:34:15 cenvi510-storage river-flood-process[2338]: 2026-09-11 18:34:15 | INFO     | forecast   | forecast:59                  | Starting evaluation — basin='cagayan', issue_date=2026-09-11
Sep 11 18:34:15 cenvi510-storage river-flood-process[2338]: 2026-09-11 18:34:15 | INFO     | forecast   | detect_flood_events:1318     | Detect phase (detect_flood_events) — basin='cagayan', issue_date=2026-09-11, leads=[1, 2, 3, 4, 5], t0_years=2.0, a_min_km2=100
Sep 11 18:34:17 cenvi510-storage river-flood-process[2338]: 2026-09-11 18:34:17 | INFO     | forecast   | detect_flood_events:1357     | EVT1 params loaded: 1024 cells for basin 'cagayan'
Sep 11 18:34:33 cenvi510-storage river-flood-process[2338]: /opt/river-flood-workflow/.venv/lib/python3.11/site-packages/xarray/backends/plugins.py:109: RuntimeWarning: Engine 'cfgrib' loading failed:
Sep 11 18:34:33 cenvi510-storage river-flood-process[2338]: Cannot find the ecCodes library
Sep 11 18:34:33 cenvi510-storage river-flood-process[2338]:   external_backend_entrypoints = backends_dict_from_pkg(entrypoints_unique)
Sep 11 18:34:38 cenvi510-storage river-flood-process[2338]: 2026-09-11 18:34:38 | INFO     | forecast   | _open_forecast_source:891    | Forecast source opened: 1 files, time_dim='time', member_dim='member', indexed_members=51
Sep 11 18:34:41 cenvi510-storage river-flood-process[2338]: 2026-09-11 18:34:41 | INFO     | forecast   | detect_flood_events:1455     | Lead  1d: 0/51 flood members, 0 qualifying patches
Sep 11 18:34:42 cenvi510-storage river-flood-process[2338]: 2026-09-11 18:34:42 | INFO     | forecast   | detect_flood_events:1455     | Lead  2d: 1/51 flood members, 1 qualifying patches
Sep 11 18:34:56 cenvi510-storage river-flood-process[2338]: 2026-09-11 18:34:56 | INFO     | forecast   | _compute_impacts_from_event_patches:590 | Computed impacts from 4/4 event patches: 1 members, 1 lead days, 1 units
Sep 11 18:34:58 cenvi510-storage river-flood-process[2338]: 2026-09-11 18:34:58 | INFO     | forecast   | detect_flood_events:1455     | Lead  3d: 1/51 flood members, 2 qualifying patches
Sep 11 18:35:15 cenvi510-storage river-flood-process[2338]: 2026-09-11 18:35:15 | INFO     | forecast   | _compute_impacts_from_event_patches:590 | Computed impacts from 8/8 event patches: 1 members, 1 lead days, 1 units
Sep 11 18:35:17 cenvi510-storage river-flood-process[2338]: 2026-09-11 18:35:17 | INFO     | forecast   | detect_flood_events:1455     | Lead  4d: 1/51 flood members, 2 qualifying patches
Sep 11 18:35:34 cenvi510-storage river-flood-process[2338]: 2026-09-11 18:35:34 | INFO     | forecast   | _compute_impacts_from_event_patches:590 | Computed impacts from 8/8 event patches: 1 members, 1 lead days, 1 units
Sep 11 18:35:37 cenvi510-storage river-flood-process[2338]: 2026-09-11 18:35:37 | INFO     | forecast   | detect_flood_events:1455     | Lead  5d: 1/51 flood members, 2 qualifying patches
Sep 11 18:35:54 cenvi510-storage river-flood-process[2338]: 2026-09-11 18:35:54 | INFO     | forecast   | _compute_impacts_from_event_patches:590 | Computed impacts from 8/8 event patches: 1 members, 1 lead days, 1 units
Sep 11 18:35:54 cenvi510-storage river-flood-process[2338]: 2026-09-11 18:35:54 | INFO     | forecast   | detect_flood_events:1537     | Detect phase complete — 337 units, 5 lead days, 51 members
Sep 11 18:35:54 cenvi510-storage river-flood-process[2338]: 2026-09-11 18:35:54 | INFO     | forecast   | forecast:77                  | Detection mode complete — impact cube has 337 units
Sep 11 18:35:54 cenvi510-storage river-flood-process[2338]: 2026-09-11 18:35:54 | INFO     | forecast   | _aggregate_adm3_impacts_to_adm2:181 | ADM2 aggregation complete: 24 ADM3 units rolled up into parent ADM2 impact totals
Sep 11 18:35:54 cenvi510-storage river-flood-process[2338]: 2026-09-11 18:35:54 | INFO     | forecast   | _compute_prob_exceed:1562    | Computing exceedance probabilities: 337 cube units, 51 ensemble members
Sep 11 18:35:54 cenvi510-storage river-flood-process[2338]: 2026-09-11 18:35:54 | INFO     | forecast   | _compute_prob_exceed:1581    | Exceedance probabilities computed for 25 qualifying units
Sep 11 18:35:54 cenvi510-storage river-flood-process[2338]: 2026-09-11 18:35:54 | INFO     | forecast   | _apply_tier_rules:210        | Applying 3 tier rules to 25 units (persist_days=2, min_lead=1)
Sep 11 18:35:54 cenvi510-storage river-flood-process[2338]: 2026-09-11 18:35:54 | INFO     | forecast   | _apply_tier_rules:305        | Tier evaluation complete: 25 units, 0 tier decisions fired, 1 units below oep_min=100
Sep 11 18:35:54 cenvi510-storage river-flood-process[2338]: 2026-09-11 18:35:54 | INFO     | forecast   | forecast:96                  | Evaluation complete — basin='cagayan', 25 units evaluated
Sep 11 18:35:54 cenvi510-storage river-flood-process[2338]: 2026-09-11 18:35:54 | INFO     | extract    | extract:31                   | Processing basin 'bicol'
Sep 11 18:35:54 cenvi510-storage river-flood-process[2338]: 2026-09-11 18:35:54 | INFO     | extract    | _resolve_forecast_path:109   | Checking forecast file: /var/cache/glofas/glofas_areagrid_for_Phillippines_in_Phillippines_2026091100.nc
Sep 11 18:35:54 cenvi510-storage river-flood-process[2338]: 2026-09-11 18:35:54 | INFO     | extract    | _resolve_forecast_path:111   | Forecast file found: /var/cache/glofas/glofas_areagrid_for_Phillippines_in_Phillippines_2026091100.nc
Sep 11 18:35:54 cenvi510-storage river-flood-process[2338]: 2026-09-11 18:35:54 | INFO     | extract    | _load_oep_thresholds:130     | Loading OEP thresholds from config/risk_profiles/bicol_oep_curves_all_units.json (oep_min=100)
Sep 11 18:35:54 cenvi510-storage river-flood-process[2338]: 2026-09-11 18:35:54 | INFO     | extract    | _load_oep_thresholds:168     | OEP thresholds loaded: 138 units with valid thresholds (from 139 total, oep_min=100)
Sep 11 18:35:54 cenvi510-storage river-flood-process[2338]: 2026-09-11 18:35:54 | INFO     | extract    | _filter_units_by_target_adm2:243 | Target ADM2 filtering complete for basin 'bicol': 138 -> 35 units (targets=1)
Sep 11 18:35:54 cenvi510-storage river-flood-process[2338]: 2026-09-11 18:35:54 | INFO     | forecast   | forecast:59                  | Starting evaluation — basin='bicol', issue_date=2026-09-11
Sep 11 18:35:54 cenvi510-storage river-flood-process[2338]: 2026-09-11 18:35:54 | INFO     | forecast   | detect_flood_events:1318     | Detect phase (detect_flood_events) — basin='bicol', issue_date=2026-09-11, leads=[1, 2, 3, 4, 5], t0_years=2.0, a_min_km2=100
Sep 11 18:35:55 cenvi510-storage river-flood-process[2338]: 2026-09-11 18:35:55 | INFO     | forecast   | detect_flood_events:1357     | EVT1 params loaded: 137 cells for basin 'bicol'
Sep 11 18:36:00 cenvi510-storage river-flood-process[2338]: 2026-09-11 18:36:00 | INFO     | forecast   | _open_forecast_source:891    | Forecast source opened: 1 files, time_dim='time', member_dim='member', indexed_members=51
Sep 11 18:36:01 cenvi510-storage river-flood-process[2338]: 2026-09-11 18:36:01 | INFO     | forecast   | detect_flood_events:1455     | Lead  1d: 0/51 flood members, 0 qualifying patches
Sep 11 18:36:02 cenvi510-storage river-flood-process[2338]: 2026-09-11 18:36:02 | INFO     | forecast   | detect_flood_events:1455     | Lead  2d: 0/51 flood members, 0 qualifying patches
Sep 11 18:36:04 cenvi510-storage river-flood-process[2338]: 2026-09-11 18:36:04 | INFO     | forecast   | detect_flood_events:1455     | Lead  3d: 0/51 flood members, 0 qualifying patches
Sep 11 18:36:06 cenvi510-storage river-flood-process[2338]: 2026-09-11 18:36:06 | INFO     | forecast   | detect_flood_events:1455     | Lead  4d: 0/51 flood members, 0 qualifying patches
Sep 11 18:36:09 cenvi510-storage river-flood-process[2338]: 2026-09-11 18:36:09 | INFO     | forecast   | detect_flood_events:1455     | Lead  5d: 0/51 flood members, 0 qualifying patches
Sep 11 18:36:09 cenvi510-storage river-flood-process[2338]: 2026-09-11 18:36:09 | INFO     | forecast   | detect_flood_events:1537     | Detect phase complete — 138 units, 5 lead days, 51 members
Sep 11 18:36:09 cenvi510-storage river-flood-process[2338]: 2026-09-11 18:36:09 | INFO     | forecast   | forecast:77                  | Detection mode complete — impact cube has 138 units
Sep 11 18:36:09 cenvi510-storage river-flood-process[2338]: 2026-09-11 18:36:09 | INFO     | forecast   | _aggregate_adm3_impacts_to_adm2:181 | ADM2 aggregation complete: 34 ADM3 units rolled up into parent ADM2 impact totals
Sep 11 18:36:09 cenvi510-storage river-flood-process[2338]: 2026-09-11 18:36:09 | INFO     | forecast   | _compute_prob_exceed:1562    | Computing exceedance probabilities: 138 cube units, 51 ensemble members
Sep 11 18:36:09 cenvi510-storage river-flood-process[2338]: 2026-09-11 18:36:09 | INFO     | forecast   | _compute_prob_exceed:1581    | Exceedance probabilities computed for 35 qualifying units
Sep 11 18:36:09 cenvi510-storage river-flood-process[2338]: 2026-09-11 18:36:09 | INFO     | forecast   | _apply_tier_rules:210        | Applying 3 tier rules to 35 units (persist_days=2, min_lead=1)
Sep 11 18:36:09 cenvi510-storage river-flood-process[2338]: 2026-09-11 18:36:09 | INFO     | forecast   | _apply_tier_rules:305        | Tier evaluation complete: 35 units, 0 tier decisions fired, 35 units below oep_min=100
Sep 11 18:36:09 cenvi510-storage river-flood-process[2338]: 2026-09-11 18:36:09 | INFO     | forecast   | forecast:96                  | Evaluation complete — basin='bicol', 35 units evaluated
Sep 11 18:36:09 cenvi510-storage river-flood-process[2338]: 2026-09-11 18:36:09 | INFO     | save       | save:37                      | Writing output: 2 basins, format=csv, dir=data/gold/trigger_decisions/2026-09-11
Sep 11 18:36:09 cenvi510-storage river-flood-process[2338]: 2026-09-11 18:36:09 | INFO     | save       | _save_activation_decisions:222 | Activation file written: data/gold/trigger_decisions/2026-09-11/activation_2026-09-11_20260911T103609Z.csv
Sep 11 18:36:09 cenvi510-storage river-flood-process[2338]: 2026-09-11 18:36:09 | INFO     | save       | _save_operational_information:235 | Operational information file written: data/gold/trigger_decisions/2026-09-11/operational_information_2026-09-11_20260911T103609Z.csv
Sep 11 18:36:09 cenvi510-storage river-flood-process[2338]: 2026-09-11 18:36:09 | INFO     | save       | save:79                      | No activated tiers found; skipping decision summary file
Sep 11 18:36:09 cenvi510-storage river-flood-process[2338]: 2026-09-11 18:36:09 | INFO     | save       | _prepare_trigger_decisions_for_plotting:282 | Skipping map plotting: no activated rows in CSV
Sep 11 18:36:09 cenvi510-storage river-flood-process[2338]: 2026-09-11 18:36:09 | INFO     | save       | _save_maps:545               | Map files saved: 0 map(s) written to data/gold/trigger_decisions/2026-09-11/maps
Sep 11 18:36:09 cenvi510-storage river-flood-process[2338]: 2026-09-11 18:36:09 | INFO     | pipeline   | run_daily_monitoring:127     | run_daily_monitoring complete — 2 basins, 0 tier fires, activation=data/gold/trigger_decisions/2026-09-11/activation_2026-09-11_20260911T103609Z.csv, operational_information=data/gold/trigger_decisions/2026-09-11/operational_information_2026-09-11_20260911T103609Z.csv
Sep 11 18:36:09 cenvi510-storage river-flood-process[2338]: 2026-09-11 18:36:09 | INFO     | cli        | main:80                      | Daily ETL complete: 2 basins, 60 units, 0 fired tier decisions. Output: data/gold/trigger_decisions/2026-09-11/operational_information_2026-09-11_20260911T103609Z.csv
Sep 11 18:36:11 cenvi510-storage river-flood-process[2332]: No alert requested.
Sep 11 18:36:11 cenvi510-storage systemd[1]: river-flood-process.service: Deactivated successfully.
Sep 11 18:36:11 cenvi510-storage systemd[1]: Finished river-flood-process.service - Process GloFAS data for river flood workflow.
Sep 11 18:36:11 cenvi510-storage systemd[1]: river-flood-process.service: Consumed 1min 40.367s CPU time.
